designacao;di_interno_mm;secao_w_mm;de_externo_mm;tolerancia_di_mm;tolerancia_w_mm
0.83x1.63;0,83;1,63;4,09;;
1x1;1;1;3;;
1x1.5;1;1,5;4;;
1x1.8;1;1,8;4,6;;
1x2;1;2;5;;
1x2.5;1;2,5;6;;
1x2.65;1;2,65;6,3;;
1x3;1;3;7;;
1.02x1.02;1,02;1,02;3,06;;
1.15x1;1,15;1;3,15;;
1.27x1.27;1,27;1,27;3,81;;
1.5x0.85;1,5;0,85;3,2;;
1.5x1;1,5;1;3,5;;
1.52x1.52;1,52;1,52;4,56;;
1.78x1.02;1,78;1,02;3,82;;
1.8x0.7;1,8;0,7;3,2;;
1.8x1.2;1,8;1,2;4,2;;
2x1;2;1;4;;
2x1.5;2;1,5;5;;
2x1.8;2;1,8;5,6;;
2x2;2;2;6;;
2x2.5;2;2,5;7;;
2x2.65;2;2,65;7,3;;
2x3;2;3;8;;
2.2x1.6;2,2;1,6;5,4;;
2.5x1;2,5;1;4,5;;
2.6x1.2;2,6;1,2;5;;
2.7x1.95;2,7;1,95;6,6;;
2.79x1.02;2,79;1,02;4,83;;
2.8x1.6;2,8;1,6;6;;
3x1;3;1;5;;
3x1.5;3;1,5;6;;
3x1.8;3;1,8;6,6;;
3x2;3;2;7;;
3x2.5;3;2,5;8;;
3x2.65;3;2,65;8,3;;
3x3;3;3;9;;
3.1x1.6;3,1;1,6;6,3;;
3.3x1;3,3;1;5,3;;
3.3x1.5;3,3;1,5;6,3;;
3.3x1.6;3,3;1,6;6,5;;
3.5x1;3,5;1;5,5;;
3.5x1.5;3,5;1,5;6,5;;
3.68x1.78;3,68;1,78;7,24;;
3.7x1.9;3,7;1,9;7,5;;
3.8x1.3;3,8;1,3;6,4;;
3.9x1.8;3,9;1,8;7,5;;
4x1;4;1;6;;
4x1.5;4;1,5;7;;
4x1.8;4;1,8;7,6;;
4x2;4;2;8;;
4x2.5;4;2,5;9;;
4x2.65;4;2,65;9,3;;
4x3;4;3;10;;
4.09x1.95;4,09;1,95;7,99;;
4.3x2.4;4,3;2,4;9,1;;
4.38x1.24;4,38;1,24;6,86;;
4.42x2.62;4,42;2,62;9,66;;
4.47x1.27;4,47;1,27;7,01;;
4.47x1.78;4,47;1,78;8,03;;
4.5x1;4,5;1;6,5;;
4.5x1.9;4,5;1,9;8,3;;
4.6x2;4,6;2;8,6;;
4.6x2.4;4,6;2,4;9,4;;
4.7x1.42;4,7;1,42;7,54;0,13;0,08
4.8x2.2;4,8;2,2;9,2;;
4.9x1.9;4,9;1,9;8,7;;
5x1;5;1;7;;
5x1.2;5;1,2;7,4;;
5x1.5;5;1,5;8;;
5x1.75;5;1,75;8,5;;
5x1.8;5;1,8;8,6;;
5x2;5;2;9;;
5x2.5;5;2,5;10;;
5x2.6;5;2,6;10,2;;
5x2.65;5;2,65;10,3;;
5x3;5;3;11;;
5.03x1.78;5,03;1,78;8,59;;
5.1x2.6;5,1;2,6;10,3;;
5.3x2.4;5,3;2,4;10,1;;
5.5x1;5,5;1;7,5;;
5.5x1.5;5,5;1,5;8,5;;
5.5x1.8;5,5;1,8;9,1;;
5.5x2;5,5;2;9,5;;
5.6x2.4;5,6;2,4;10,4;;
5.7x1.9;5,7;1,9;9,5;;
5.8x1.9;5,8;1,9;9,6;;
5.8x2;5,8;2;9,8;;
5.92x1.9;5,92;1,9;9,72;;
6x1;6;1;8;;
6x1.5;6;1,5;9;;
6x1.7;6;1,7;9,4;;
6x1.8;6;1,8;9,6;;
6x2;6;2;10;;
6x2.3;6;2,3;10,6;;
6x2.5;6;2,5;11;;
6x2.65;6;2,65;11,3;;
6x3;6;3;12;;
6.02x2.62;6,02;2,62;11,26;;
6.03x1.8;6,03;1,8;9,63;;
6.07x1.02;6,07;1,02;8,11;;
6.07x1.63;6,07;1,63;9,33;0,13;0,08
6.07x1.78;6,07;1,78;9,63;;
6.07x2.62;6,07;2,62;11,31;;
6.1x1.75;6,1;1,75;9,6;;
6.2x1.5;6,2;1,5;9,2;;
6.26x1.83;6,26;1,83;9,92;;
6.3x1.02;6,3;1,02;8,34;;
6.3x2.4;6,3;2,4;11,1;;
6.35x4.25;6,35;4,25;14,85;;
6.4x1.5;6,4;1,5;9,4;;
6.4x1.9;6,4;1,9;10,2;;
6.4x2.5;6,4;2,5;11,4;;
6.5x1;6,5;1;8,5;;
6.5x2;6,5;2;10,5;;
6.6x1.8;6,6;1,8;10,2;;
6.6x2.62;6,6;2,62;11,84;;
6.7x1.8;6,7;1,8;10,3;;
6.75x1.78;6,75;1,78;10,31;;
6.8x1.9;6,8;1,9;10,6;;
6.9x1.2;6,9;1,2;9,3;;
7x1;7;1;9;;
7x1.5;7;1,5;10;;
7x1.7;7;1,7;10,4;;
7x1.8;7;1,8;10,6;;
7x2;7;2;11;;
7x2.2;7;2,2;11,4;;
7x2.4;7;2,4;11,8;;
7x2.5;7;2,5;12;;
7x2.65;7;2,65;12,3;;
7.1x1.6;7,1;1,6;10,3;;
7.2x1.9;7,2;1,9;11;;
7.2x2.2;7,2;2,2;11,6;;
7.2x3;7,2;3;13,2;;
7.27x2.7;7,27;2,7;12,67;;
7.3x2.4;7,3;2,4;12,1;;
7.37x1.81;7,37;1,81;10,99;;
7.5x1;7,5;1;9,5;;
7.5x1.5;7,5;1,5;10,5;;
7.5x1.8;7,5;1,8;11,1;;
7.5x2;7,5;2;11,5;;
7.5x2.5;7,5;2,5;12,5;;
7.5x3;7,5;3;13,5;;
7.51x3.53;7,51;3,53;14,57;;
7.52x3.51;7,52;3,51;14,54;;
7.52x3.91;7,52;3,91;15,34;;
7.55x2.9;7,55;2,9;13,35;;
7.59x2.62;7,59;2,62;12,83;;
7.6x0.8;7,6;0,8;9,2;;
7.6x2.4;7,6;2,4;12,4;;
7.6x4;7,6;4;15,6;;
7.65x1.63;7,65;1,63;10,91;0,13;0,08
7.65x1.78;7,65;1,78;11,21;;
7.66x1.78;7,66;1,78;11,22;;
7.7x1.6;7,7;1,6;10,9;;
7.7x2;7,7;2;11,7;;
7.75x1.88;7,75;1,88;11,51;;
7.8x1.03;7,8;1,03;9,86;;
7.8x3.6;7,8;3,6;15;;
7.9x2.5;7,9;2,5;12,9;;
7.92x4.78;7,92;4,78;17,48;;
7.97x1.88;7,97;1,88;11,73;;
8x1;8;1;10;;
8x1.5;8;1,5;11;;
8x1.8;8;1,8;11,6;;
8x1.9;8;1,9;11,8;;
8x2;8;2;12;;
8x2.5;8;2,5;13;;
8x2.65;8;2,65;13,3;;
8.03x1.96;8,03;1,96;11,95;;
8.1x1.6;8,1;1,6;11,3;;
8.1x2;8,1;2;12,1;;
8.13x1.78;8,13;1,78;11,69;;
8.2x1.5;8,2;1,5;11,2;;
8.25x1.78;8,25;1,78;11,81;;
8.3x0.8;8,3;0,8;9,9;;
8.3x2.4;8,3;2,4;13,1;;
8.5x1;8,5;1;10,5;;
8.5x1.5;8,5;1,5;11,5;;
8.5x1.7;8,5;1,7;11,9;;
8.5x2;8,5;2;12,5;;
8.5x2.5;8,5;2,5;13,5;;
8.73x1.78;8,73;1,78;12,29;;
8.8x1.9;8,8;1,9;12,6;;
8.9x1.9;8,9;1,9;12,7;;
8.92x1.83;8,92;1,83;12,58;0,13;0,08
9x1;9;1;11;;
9x1.5;9;1,5;12;;
9x1.6;9;1,6;12,2;;
9x1.8;9;1,8;12,6;;
9x2;9;2;13;;
9x2.5;9;2,5;14;;
9x2.65;9;2,65;14,3;;
9x3;9;3;15;;
9.09x2.62;9,09;2,62;14,33;;
9.1x1.6;9,1;1,6;12,3;;
9.19x2.62;9,19;2,62;14,43;;
9.23x2.64;9,23;2,64;14,51;;
9.25x1.78;9,25;1,78;12,81;;
9.25x2.39;9,25;2,39;14,03;;
9.3x2.4;9,3;2,4;14,1;;
9.4x2.4;9,4;2,4;14,2;;
9.5x1;9,5;1;11,5;;
9.5x1.5;9,5;1,5;12,5;;
9.5x1.6;9,5;1,6;12,7;;
9.5x1.78;9,5;1,78;13,06;;
9.5x1.9;9,5;1,9;13,3;;
9.5x3;9,5;3;15,5;;
9.6x2.4;9,6;2,4;14,4;;
9.6x3.7;9,6;3,7;17;;
9.8x1.9;9,8;1,9;13,6;;
9.8x2.62;9,8;2,62;15,04;;
9.81x2.44;9,81;2,44;14,69;;
9.92x2.62;9,92;2,62;15,16;;
9.92x2.65;9,92;2,65;15,22;;
10x1;10;1;12;;
10x1.3;10;1,3;12,6;;
10x1.5;10;1,5;13;;
10x1.6;10;1,6;13,2;;
10x1.7;10;1,7;13,4;;
10x1.8;10;1,8;13,6;;
10x2;10;2;14;;
10x2.2;10;2,2;14,4;;
10x2.5;10;2,5;15;;
10x2.6;10;2,6;15,2;;
10x2.62;10;2,62;15,24;;
10x2.65;10;2,65;15,3;;
10x3;10;3;16;;
10x4;10;4;18;;
10x6.5;10;6,5;23;;
10.1x1.6;10,1;1,6;13,3;;
10.16x1.85;10,16;1,85;13,86;;
10.3x2.4;10,3;2,4;15,1;;
10.4x2.4;10,4;2,4;15,2;;
10.5x1;10,5;1;12,5;;
10.5x1.5;10,5;1,5;13,5;;
10.5x2.7;10,5;2,7;15,9;;
10.52x1.83;10,52;1,83;14,18;0,13;0,08
10.6x1.56;10,6;1,56;13,72;;
10.68x3.53;10,68;3,53;17,74;;
10.78x1.26;10,78;1,26;13,3;;
10.8x1.78;10,8;1,78;14,36;;
10.8x1.8;10,8;1,8;14,4;;
10.8x2;10,8;2;14,8;;
10.8x2.4;10,8;2,4;15,6;;
10.82x1.02;10,82;1,02;12,86;;
10.82x1.78;10,82;1,78;14,38;;
11x1;11;1;13;;
11x1.3;11;1,3;13,6;;
11x1.5;11;1,5;14;;
11x1.8;11;1,8;14,6;;
11x2;11;2;15;;
11x2.5;11;2,5;16;;
11x2.65;11;2,65;16,3;;
11x3.4;11;3,4;17,8;;
11x4;11;4;19;;
11.1x1.78;11,1;1,78;14,66;;
11.11x1.78;11,11;1,78;14,67;;
11.2x2.75;11,2;2,75;16,7;;
11.3x2.4;11,3;2,4;16,1;;
11.5x1;11,5;1;13,5;;
11.5x1.5;11,5;1,5;14,5;;
11.5x2;11,5;2;15,5;;
11.5x3;11,5;3;17,5;;
11.6x2.4;11,6;2,4;16,4;;
11.6x2.62;11,6;2,62;16,84;;
11.63x1.78;11,63;1,78;15,19;;
11.68x2.03;11,68;2,03;15,74;;
11.89x1.78;11,89;1,78;15,45;;
11.89x1.98;11,89;1,98;15,85;0,13;0,08
11.91x2.62;11,91;2,62;17,15;;
12x1;12;1;14;;
12x1.5;12;1,5;15;;
12x1.7;12;1,7;15,4;;
12x1.8;12;1,8;15,6;;
12x2;12;2;16;;
12x2.25;12;2,25;16,5;;
12x2.5;12;2,5;17;;
12x2.65;12;2,65;17,3;;
12x3;12;3;18;;
12.06x5.33;12,06;5,33;22,72;;
12.1x1.6;12,1;1,6;15,3;;
12.1x2.7;12,1;2,7;17,5;;
12.16x1.74;12,16;1,74;15,64;;
12.3x2.4;12,3;2,4;17,1;;
12.37x2.62;12,37;2,62;17,61;;
12.42x1.78;12,42;1,78;15,98;;
12.5x1;12,5;1;14,5;;
12.5x2;12,5;2;16,5;;
12.5x2.6;12,5;2,6;17,7;;
12.52x1.78;12,52;1,78;16,08;;
12.55x1;12,55;1;14,55;;
12.7x2.92;12,7;2,92;18,54;;
12.7x3.18;12,7;3,18;19,06;;
12.93x1.86;12,93;1,86;16,65;;
13x1;13;1;15;;
13x1.5;13;1,5;16;;
13x1.8;13;1,8;16,6;;
13x2;13;2;17;;
13x2.5;13;2,5;18;;
13x2.65;13;2,65;18,3;;
13x3;13;3;19;;
13x3.05;13;3,05;19,1;;
13x3.5;13;3,5;20;;
13.1x1.6;13,1;1,6;16,3;;
13.1x2.62;13,1;2,62;18,34;;
13.2x1.8;13,2;1,8;16,8;;
13.3x2.4;13,3;2,4;18,1;;
13.4x1.8;13,4;1,8;17;;
13.4x2.4;13,4;2,4;18,2;;
13.46x2.08;13,46;2,08;17,62;0,18;0,08
13.48x1.6;13,48;1,6;16,68;;
13.5x1;13,5;1;15,5;;
13.6x2.7;13,6;2,7;19;;
13.6x3;13,6;3;19,6;;
13.7x1;13,7;1;15,7;;
13.72x2.56;13,72;2,56;18,84;;
13.8x2.5;13,8;2,5;18,8;;
13.87x3.53;13,87;3,53;20,93;;
13.89x1.3;13,89;1,3;16,49;;
13.94x2.62;13,94;2,62;19,18;;
13.95x2.62;13,95;2,62;19,19;;
13.97x2.54;13,97;2,54;19,05;;
13.99x1.78;13,99;1,78;17,55;;
14x1;14;1;16;;
14x1.2;14;1,2;16,4;;
14x1.5;14;1,5;17;;
14x1.78;14;1,78;17,56;;
14x1.8;14;1,8;17,6;;
14x2;14;2;18;;
14x2.35;14;2,35;18,7;;
14x2.5;14;2,5;19;;
14x2.65;14;2,65;19,3;;
14x3;14;3;20;;
14x4;14;4;22;;
14.1x1.6;14,1;1,6;17,3;;
14.3x2.4;14,3;2,4;19,1;;
14.4x2;14,4;2;18,4;;
14.51x2.78;14,51;2,78;20,07;;
14.9x1.5;14,9;1,5;17,9;;
14.96x1.5;14,96;1,5;17,96;;
15x1;15;1;17;;
15x1.4;15;1,4;17,8;;
15x1.5;15;1,5;18;;
15x1.8;15;1,8;18,6;;
15x2;15;2;19;;
15x2.5;15;2,5;20;;
15x2.65;15;2,65;20,3;;
15x3;15;3;21;;
15.1x2.7;15,1;2,7;20,5;;
15.2x1.78;15,2;1,78;18,76;;
15.2x2;15,2;2;19,2;;
15.3x2.4;15,3;2,4;20,1;;
15.47x3.53;15,47;3,53;22,53;;
15.5x1;15,5;1;17,5;;
15.5x1.2;15,5;1,2;17,9;;
15.5x1.5;15,5;1,5;18,5;;
15.54x2.62;15,54;2,62;20,78;;
15.57x4.27;15,57;4,27;24,11;;
15.6x2.4;15,6;2,4;20,4;;
15.8x1.9;15,8;1,9;19,6;;
15.8x2.4;15,8;2,4;20,6;;
15.88x2.62;15,88;2,62;21,12;;
16x1;16;1;18;;
16x1.5;16;1,5;19;;
16x1.8;16;1,8;19,6;;
16x2;16;2;20;;
16x2.5;16;2,5;21;;
16x2.65;16;2,65;21,3;;
16x3;16;3;22;;
16x4;16;4;24;;
16x4.5;16;4,5;25;;
16.1x1.6;16,1;1,6;19,3;;
16.2x2.4;16,2;2,4;21;;
16.3x2.4;16,3;2,4;21,1;;
16.36x2.21;16,36;2,21;20,78;0,23;0,08
16.5x2.62;16,5;2,62;21,74;;
16.65x1.1;16,65;1,1;18,85;;
16.7x3.4;16,7;3,4;23,5;;
16.76x1.9;16,76;1,9;20,56;;
16.8x2.4;16,8;2,4;21,6;;
16.85x2.95;16,85;2,95;22,75;;
17x1;17;1;19;;
17x1.5;17;1,5;20;;
17x1.8;17;1,8;20,6;;
17x2;17;2;21;;
17x2.5;17;2,5;22;;
17x2.65;17;2,65;22,3;;
17x3;17;3;23;;
17.04x3.53;17,04;3,53;24,1;;
17.1x1.6;17,1;1,6;20,3;;
17.12x2.62;17,12;2,62;22,36;;
17.17x1.78;17,17;1,78;20,73;;
17.2x3;17,2;3;23,2;;
17.3x2.4;17,3;2,4;22,1;;
17.5x1;17,5;1;19,5;;
17.8x2.4;17,8;2,4;22,6;;
17.93x2.46;17,93;2,46;22,85;0,23;0,08
18x1;18;1;20;;
18x1.5;18;1,5;21;;
18x1.8;18;1,8;21,6;;
18x2;18;2;22;;
18x2.2;18;2,2;22,4;;
18x2.5;18;2,5;23;;
18x2.65;18;2,65;23,3;;
18x3;18;3;24;;
18.1x1.45;18,1;1,45;21;;
18.1x1.6;18,1;1,6;21,3;;
18.3x2.4;18,3;2,4;23,1;;
18.5x1;18,5;1;20,5;;
18.64x3.53;18,64;3,53;25,7;;
18.64x4.06;18,64;4,06;26,76;;
18.72x2.62;18,72;2,62;23,96;;
18.76x1.9;18,76;1,9;22,56;;
18.77x1.78;18,77;1,78;22,33;;
18.77x5.05;18,77;5,05;28,87;;
19x1;19;1;21;;
19x1.5;19;1,5;22;;
19x1.75;19;1,75;22,5;;
19x1.8;19;1,8;22,6;;
19x2;19;2;23;;
19x2.3;19;2,3;23,6;;
19x2.5;19;2,5;24;;
19x2.65;19;2,65;24,3;;
19.05x2.8;19,05;2,8;24,65;;
19.05x3.18;19,05;3,18;25,41;;
19.1x1.6;19,1;1,6;22,3;;
19.1x1.78;19,1;1,78;22,66;;
19.18x2.46;19,18;2,46;24,1;0,23;0,08
19.18x2.47;19,18;2,47;24,12;;
19.2x3;19,2;3;25,2;;
19.4x2.3;19,4;2,3;24;;
19.4x2.5;19,4;2,5;24,4;;
19.5x1;19,5;1;21,5;;
19.5x1.5;19,5;1,5;22,5;;
19.6x3.65;19,6;3,65;26,9;;
19.8x2.4;19,8;2,4;24,6;;
19.9x1.55;19,9;1,55;23;;
20x1;20;1;22;;
20x1.5;20;1,5;23;;
20x1.8;20;1,8;23,6;;
20x2;20;2;24;;
20x2.5;20;2,5;25;;
20x2.65;20;2,65;25,3;;
20x3;20;3;26;;
20x4;20;4;28;;
20x10;20;10;40;;
20.09x3;20,09;3;26,09;;
20.19x1.78;20,19;1,78;23,75;;
20.22x3.5;20,22;3,5;27,22;;
20.22x3.53;20,22;3,53;27,28;;
20.29x2.62;20,29;2,62;25,53;;
20.3x2.4;20,3;2,4;25,1;;
20.35x1.78;20,35;1,78;23,91;;
20.62x4.77;20,62;4,77;30,16;;
20.7x3.4;20,7;3,4;27,5;;
20.9x1.5;20,9;1,5;23,9;;
21x1;21;1;23;;
21x1.5;21;1,5;24;;
21x1.8;21;1,8;24,6;;
21x2;21;2;25;;
21x2.5;21;2,5;26;;
21x2.65;21;2,65;26,3;;
21x10;21;10;41;;
21.3x1.63;21,3;1,63;24,56;;
21.3x2.4;21,3;2,4;26,1;;
21.4x1.5;21,4;1,5;24,4;;
21.5x1.5;21,5;1,5;24,5;;
21.5x3.2;21,5;3,2;27,9;;
21.8x2.4;21,8;2,4;26,6;;
21.89x2.62;21,89;2,62;27,13;;
21.92x2.95;21,92;2,95;27,82;0,23;0,1
22x1;22;1;24;;
22x1.3;22;1,3;24,6;;
22x1.5;22;1,5;25;;
22x1.8;22;1,8;25,6;;
22x2;22;2;26;;
22x2.5;22;2,5;27;;
22x2.65;22;2,65;27,3;;
22x3.7;22;3,7;29,4;;
22x10;22;10;42;;
22.1x1.6;22,1;1,6;25,3;;
22.2x1.6;22,2;1,6;25,4;;
22.2x3;22,2;3;28,2;;
22.26x0.62;22,26;0,62;23,5;;
22.3x2.4;22,3;2,4;27,1;;
22.4x2.65;22,4;2,65;27,7;;
22.6x1.9;22,6;1,9;26,4;;
22.73x3.5;22,73;3,5;29,73;;
23x1;23;1;25;;
23x1.5;23;1,5;26;;
23x1.8;23;1,8;26,6;;
23x2;23;2;27;;
23x2.5;23;2,5;28;;
23x2.65;23;2,65;28,3;;
23x2.8;23;2,8;28,6;;
23x3;23;3;29;;
23x6.5;23;6,5;36;;
23x10;23;10;43;;
23.3x2.4;23,3;2,4;28,1;;
23.4x3.48;23,4;3,48;30,36;;
23.47x2.62;23,47;2,62;28,71;;
23.47x2.95;23,47;2,95;29,37;0,23;0,1
23.5x2.5;23,5;2,5;28,5;;
23.7x3.3;23,7;3,3;30,3;;
23.8x2.4;23,8;2,4;28,6;;
24x1;24;1;26;;
24x1.5;24;1,5;27;;
24x1.8;24;1,8;27,6;;
24x2;24;2;28;;
24x2.5;24;2,5;29;;
24x2.65;24;2,65;29,3;;
24x3;24;3;30;;
24x3.5;24;3,5;31;;
24x4;24;4;32;;
24x10;24;10;44;;
24.2x3;24,2;3;30,2;;
24.5x3;24,5;3;30,5;;
24.6x2;24,6;2;28,6;;
24.6x2.4;24,6;2,4;29,4;;
24.6x3.6;24,6;3,6;31,8;;
24.7x3.5;24,7;3,5;31,7;;
25x1;25;1;27;;
25x1.5;25;1,5;28;;
25x1.8;25;1,8;28,6;;
25x2;25;2;29;;
25x2.3;25;2,3;29,6;;
25x2.4;25;2,4;29,8;;
25x2.5;25;2,5;30;;
25x2.65;25;2,65;30,3;;
25x3;25;3;31;;
25x4;25;4;33;;
25x5;25;5;35;;
25x10;25;10;45;;
25.04x2.95;25,04;2,95;30,94;0,26;0,1
25.07x2.62;25,07;2,62;30,31;;
25.1x1.6;25,1;1,6;28,3;;
25.16x3.53;25,16;3,53;32,22;;
25.2x3;25,2;3;31,2;;
25.25x1.1;25,25;1,1;27,45;;
25.5x1;25,5;1;27,5;;
25.5x2.5;25,5;2,5;30,5;;
25.5x5.53;25,5;5,53;36,56;;
25.7x2.8;25,7;2,8;31,3;;
25.7x3.5;25,7;3,5;32,7;;
26x1;26;1;28;;
26x1.5;26;1,5;29;;
26x1.8;26;1,8;29,6;;
26x2;26;2;30;;
26x2.5;26;2,5;31;;
26x2.65;26;2,65;31,3;;
26x3;26;3;32;;
26x4;26;4;34;;
26x4.8;26;4,8;35,6;;
26x10;26;10;46;;
26.2x3;26,2;3;32,2;;
26.3x3;26,3;3;32,3;;
26.59x2.95;26,59;2,95;32,49;0,26;0,1
26.65x2.62;26,65;2,62;31,89;;
26.7x3.4;26,7;3,4;33,5;;
27x1;27;1;29;;
27x1.5;27;1,5;30;;
27x1.8;27;1,8;30,6;;
27x2;27;2;31;;
27x2.5;27;2,5;32;;
27x2.65;27;2,65;32,3;;
27x2.7;27;2,7;32,4;;
27x10;27;10;47;;
27.09x1.78;27,09;1,78;30,65;;
27.1x1.6;27,1;1,6;30,3;;
27.4x2.4;27,4;2,4;32,2;;
27.5x2;27,5;2;31,5;;
27.61x2.61;27,61;2,61;32,83;;
27.7x3.5;27,7;3,5;34,7;;
27.8x1.78;27,8;1,78;31,36;;
28x1;28;1;30;;
28x1.5;28;1,5;31;;
28x1.8;28;1,8;31,6;;
28x2;28;2;32;;
28x2.5;28;2,5;33;;
28x2.65;28;2,65;33,3;;
28x3.15;28;3,15;34,3;;
28x3.55;28;3,55;35,1;;
28x5;28;5;38;;
28x10;28;10;48;;
28.17x3.48;28,17;3,48;35,13;;
28.17x3.53;28,17;3,53;35,23;;
28.2x2.62;28,2;2,62;33,44;;
28.5x3.8;28,5;3,8;36,1;;
28.7x1.2;28,7;1,2;31,1;;
28.8x4.2;28,8;4,2;37,2;;
29x1;29;1;31;;
29x1.5;29;1,5;32;;
29x1.8;29;1,8;32,6;;
29x2;29;2;33;;
29x2.4;29;2,4;33,8;;
29x2.5;29;2,5;34;;
29x2.65;29;2,65;34,3;;
29x3;29;3;35;;
29x10;29;10;49;;
29.1x1.6;29,1;1,6;32,3;;
29.2x3;29,2;3;35,2;;
29.2x3.5;29,2;3,5;36,2;;
29.3x1.8;29,3;1,8;32,9;;
29.3x3;29,3;3;35,3;;
29.4x3.1;29,4;3,1;35,6;;
29.5x3.95;29,5;3,95;37,4;;
29.5x5;29,5;5;39,5;;
29.7x2.4;29,7;2,4;34,5;;
29.7x3.4;29,7;3,4;36,5;;
29.7x3.5;29,7;3,5;36,7;;
29.74x2.95;29,74;2,95;35,64;0,26;0,1
29.74x3.53;29,74;3,53;36,8;;
29.82x2.62;29,82;2,62;35,06;;
30x1;30;1;32;;
30x1.5;30;1,5;33;;
30x1.8;30;1,8;33,6;;
30x2;30;2;34;;
30x2.5;30;2,5;35;;
30x2.65;30;2,65;35,3;;
30x4.5;30;4,5;39;;
30x10;30;10;50;;
30.3x2.4;30,3;2,4;35,1;;
30.3x4;30,3;4;38,3;;
30.8x3;30,8;3;36,8;;
30.8x3.2;30,8;3,2;37,2;;
30.8x3.7;30,8;3,7;38,2;;
30.98x1.77;30,98;1,77;34,52;;
31x1;31;1;33;;
31x1.5;31;1,5;34;;
31x1.8;31;1,8;34,6;;
31x2;31;2;35;;
31x2.5;31;2,5;36;;
31x2.65;31;2,65;36,3;;
31x3;31;3;37;;
31x4.5;31;4,5;40;;
31x6.5;31;6,5;44;;
31x10;31;10;51;;
31.34x3.53;31,34;3,53;38,4;;
31.6x2.4;31,6;2,4;36,4;;
31.7x2.4;31,7;2,4;36,5;;
31.7x3.5;31,7;3,5;38,7;;
31.75x1.59;31,75;1,59;34,93;;
31.8x1;31,8;1;33,8;;
32x1;32;1;34;;
32x1.25;32;1,25;34,5;;
32x1.5;32;1,5;35;;
32x1.8;32;1,8;35,6;;
32x2;32;2;36;;
32x2.5;32;2,5;37;;
32x2.65;32;2,65;37,3;;
32x5;32;5;42;;
32x10;32;10;52;;
32.2x3;32,2;3;38,2;;
32.5x2.65;32,5;2,65;37,8;;
32.58x2.02;32,58;2,02;36,62;;
32.7x3.4;32,7;3,4;39,5;;
32.79x2.6;32,79;2,6;37,99;;
32.89x1.78;32,89;1,78;36,45;;
32.99x2.62;32,99;2,62;38,23;;
33x1;33;1;35;;
33x1.5;33;1,5;36;;
33x1.8;33;1,8;36,6;;
33x2;33;2;37;;
33x2.5;33;2,5;38;;
33x2.65;33;2,65;38,3;;
33x3;33;3;39;;
33x5;33;5;43;;
33x10;33;10;53;;
33.2x2.4;33,2;2,4;38;;
33.5x3;33,5;3;39,5;;
33.99x2.34;33,99;2,34;38,67;;
34x1;34;1;36;;
34x1.5;34;1,5;37;;
34x1.8;34;1,8;37,6;;
34x2;34;2;38;;
34x2.5;34;2,5;39;;
34x2.65;34;2,65;39,3;;
34x4;34;4;42;;
34x10;34;10;54;;
34.11x3.18;34,11;3,18;40,47;;
34.42x2.95;34,42;2,95;40,32;0,3;0,1
34.65x1.77;34,65;1,77;38,19;;
34.7x5.33;34,7;5,33;45,36;;
35x1;35;1;37;;
35x1.5;35;1,5;38;;
35x1.8;35;1,8;38,6;;
35x2;35;2;39;;
35x2.5;35;2,5;40;;
35x2.65;35;2,65;40,3;;
35x3;35;3;41;;
35x5.3;35;5,3;45,6;;
35x6;35;6;47;;
35x10;35;10;55;;
35.2x5;35,2;5;45,2;;
35.5x3.15;35,5;3,15;41,8;;
36x1;36;1;38;;
36x1.5;36;1,5;39;;
36x1.8;36;1,8;39,6;;
36x2;36;2;40;;
36x2.5;36;2,5;41;;
36x2.65;36;2,65;41,3;;
36x10;36;10;56;;
37x1;37;1;39;;
37x1.5;37;1,5;40;;
37x1.8;37;1,8;40,6;;
37x2;37;2;41;;
37x2.5;37;2,5;42;;
37x2.65;37;2,65;42,3;;
37x10;37;10;57;;
37.47x3;37,47;3;43,47;0,36;0,1
38x1;38;1;40;;
38x1.5;38;1,5;41;;
38x1.8;38;1,8;41,6;;
38x2;38;2;42;;
38x2.5;38;2,5;43;;
38x2.65;38;2,65;43,3;;
38x10;38;10;58;;
39x1;39;1;41;;
39x1.5;39;1,5;42;;
39x1.8;39;1,8;42,6;;
39x2;39;2;43;;
39x2.5;39;2,5;44;;
39x2.65;39;2,65;44,3;;
39x10;39;10;59;;
40x1;40;1;42;;
40x1.5;40;1,5;43;;
40x1.8;40;1,8;43,6;;
40x2;40;2;44;;
40x2.5;40;2,5;45;;
40x2.65;40;2,65;45,3;;
40x4;40;4;48;;
40x5;40;5;50;;
40x10;40;10;60;;
40.2x3;40,2;3;46,2;;
40.2x5;40,2;5;50,2;;
40.69x2.6;40,69;2,6;45,89;;
40.87x3.53;40,87;3,53;47,93;;
41x1;41;1;43;;
41x1.5;41;1,5;44;;
41x1.8;41;1,8;44,6;;
41x2;41;2;45;;
41x2.5;41;2,5;46;;
41x2.65;41;2,65;46,3;;
41x5.5;41;5,5;52;;
41x10;41;10;61;;
41.2x3.55;41,2;3,55;48,3;;
41.6x2.4;41,6;2,4;46,4;;
41.85x2.6;41,85;2,6;47,05;;
42x1;42;1;44;;
42x1.5;42;1,5;45;;
42x1.8;42;1,8;45,6;;
42x2;42;2;46;;
42x2.5;42;2,5;47;;
42x2.65;42;2,65;47,3;;
42x3;42;3;48;;
42x4.5;42;4,5;51;;
42x10;42;10;62;;
42.2x3;42,2;3;48,2;;
42.5x2.4;42,5;2,4;47,3;;
42.86x3.53;42,86;3,53;49,92;;
43x1;43;1;45;;
43x1.5;43;1,5;46;;
43x1.8;43;1,8;46,6;;
43x2;43;2;47;;
43x2.5;43;2,5;48;;
43x2.65;43;2,65;48,3;;
43x3;43;3;49;;
43x10;43;10;63;;
43.69x3;43,69;3;49,69;0,36;0,1
43.7x2.65;43,7;2,65;49;;
44x1;44;1;46;;
44x1.5;44;1,5;47;;
44x1.8;44;1,8;47,6;;
44x2;44;2;48;;
44x2.5;44;2,5;49;;
44x2.65;44;2,65;49,3;;
44x3;44;3;50;;
44x10;44;10;64;;
44.04x3.53;44,04;3,53;51,1;;
44.6x2.4;44,6;2,4;49,4;;
44.75x2.2;44,75;2,2;49,15;;
44.8x2.8;44,8;2,8;50,4;;
45x1;45;1;47;;
45x1.5;45;1,5;48;;
45x1.8;45;1,8;48,6;;
45x2;45;2;49;;
45x2.5;45;2,5;50;;
45x2.65;45;2,65;50,3;;
45x4;45;4;53;;
45x10;45;10;65;;
45.36x3.53;45,36;3,53;52,42;;
45.6x2;45,6;2;49,6;;
45.8x1.6;45,8;1,6;49;;
46x1;46;1;48;;
46x1.5;46;1,5;49;;
46x1.8;46;1,8;49,6;;
46x2;46;2;50;;
46x2.5;46;2,5;51;;
46x2.65;46;2,65;51,3;;
46x3;46;3;52;;
46x6;46;6;58;;
46x10;46;10;66;;
46.02x3.18;46,02;3,18;52,38;;
46.25x3.95;46,25;3,95;54,15;;
46.5x1.78;46,5;1,78;50,06;;
46.99x5.33;46,99;5,33;57,65;;
47x1;47;1;49;;
47x1.5;47;1,5;50;;
47x1.8;47;1,8;50,6;;
47x2;47;2;51;;
47x2.5;47;2,5;52;;
47x2.65;47;2,65;52,3;;
47x3;47;3;53;;
47x10;47;10;67;;
47.29x2.62;47,29;2,62;52,53;;
47.35x1.78;47,35;1,78;50,91;;
48x1;48;1;50;;
48x1.5;48;1,5;51;;
48x1.8;48;1,8;51,6;;
48x2;48;2;52;;
48x2.5;48;2,5;53;;
48x2.65;48;2,65;53,3;;
48x5;48;5;58;;
48x10;48;10;68;;
48.2x2.4;48,2;2,4;53;;
48.9x2.62;48,9;2,62;54,14;;
49x1.5;49;1,5;52;;
49x1.8;49;1,8;52,6;;
49x2;49;2;53;;
49x2.5;49;2,5;54;;
49x2.65;49;2,65;54,3;;
49x7;49;7;63;;
49x10;49;10;69;;
49.5x3;49,5;3;55,5;;
49.8x1.5;49,8;1,5;52,8;;
50x1.5;50;1,5;53;;
50x1.8;50;1,8;53,6;;
50x2;50;2;54;;
50x2.5;50;2,5;55;;
50x2.65;50;2,65;55,3;;
50x3.55;50;3,55;57,1;;
50x4;50;4;58;;
50x10;50;10;70;;
50.47x2.62;50,47;2,62;55,71;;
50.52x1.78;50,52;1,78;54,08;;
51x1.5;51;1,5;54;;
51x1.8;51;1,8;54,6;;
51x2;51;2;55;;
51x2.5;51;2,5;56;;
51x2.65;51;2,65;56,3;;
51x10;51;10;71;;
51.95x4;51,95;4;59,95;;
52x1;52;1;54;;
52x1.5;52;1,5;55;;
52x1.8;52;1,8;55,6;;
52x2;52;2;56;;
52x2.5;52;2,5;57;;
52x2.65;52;2,65;57,3;;
52x3;52;3;58;;
52x4;52;4;60;;
52x6;52;6;64;;
52x10;52;10;72;;
52.07x2.62;52,07;2,62;57,31;;
52.39x3.53;52,39;3,53;59,45;;
52.39x6.35;52,39;6,35;65,09;;
52.96x5.71;52,96;5,71;64,38;;
53x1.5;53;1,5;56;;
53x1.8;53;1,8;56,6;;
53x2;53;2;57;;
53x2.5;53;2,5;58;;
53x2.65;53;2,65;58,3;;
53x3.55;53;3,55;60,1;;
53x10;53;10;73;;
53.09x3;53,09;3;59,09;0,46;0,1
53.4x3;53,4;3;59,4;;
54x1.5;54;1,5;57;;
54x1.8;54;1,8;57,6;;
54x2;54;2;58;;
54x2.4;54;2,4;58,8;;
54x2.5;54;2,5;59;;
54x2.65;54;2,65;59,3;;
54x4;54;4;62;;
54x10;54;10;74;;
54.1x5.38;54,1;5,38;64,86;;
54.2x5.7;54,2;5,7;65,6;;
54.34x3.17;54,34;3,17;60,68;;
54.4x3.1;54,4;3,1;60,6;;
55x1.5;55;1,5;58;;
55x1.8;55;1,8;58,6;;
55x2;55;2;59;;
55x2.5;55;2,5;60;;
55x2.65;55;2,65;60,3;;
55x3;55;3;61;;
55x10;55;10;75;;
55.35x3;55,35;3;61,35;;
55.45x1.77;55,45;1,77;58,99;;
55.64x1.77;55,64;1,77;59,18;;
56x1;56;1;58;;
56x1.5;56;1,5;59;;
56x1.8;56;1,8;59,6;;
56x2;56;2;60;;
56x2.5;56;2,5;61;;
56x2.65;56;2,65;61,3;;
56x3.5;56;3,5;63;;
56x10;56;10;76;;
56.9x5.33;56,9;5,33;67,56;;
56.9x5.59;56,9;5,59;68,08;;
57x1.5;57;1,5;60;;
57x1.8;57;1,8;60,6;;
57x2;57;2;61;;
57x2.5;57;2,5;62;;
57x2.65;57;2,65;62,3;;
57x3;57;3;63;;
57x10;57;10;77;;
57.1x3.1;57,1;3,1;63,3;;
57.15x3.53;57,15;3,53;64,21;;
57.28x5.39;57,28;5,39;68,06;;
57.5x1.9;57,5;1,9;61,3;;
58x1.5;58;1,5;61;;
58x1.8;58;1,8;61,6;;
58x2;58;2;62;;
58x2.5;58;2,5;63;;
58x2.6;58;2,6;63,2;;
58x2.65;58;2,65;63,3;;
58x3.55;58;3,55;65,1;;
58x5.4;58;5,4;68,8;;
58x7;58;7;72;;
58x10;58;10;78;;
58.8x4.2;58,8;4,2;67,2;;
59x1.5;59;1,5;62;;
59x1.8;59;1,8;62,6;;
59x2;59;2;63;;
59x2.5;59;2,5;64;;
59x2.65;59;2,65;64,3;;
59x3;59;3;65;;
59x10;59;10;79;;
59.36x3;59,36;3;65,36;0,46;0,1
59.4x3.1;59,4;3,1;65,6;;
59.5x3;59,5;3;65,5;;
59.69x5.33;59,69;5,33;70,35;;
60x1.5;60;1,5;63;;
60x1.8;60;1,8;63,6;;
60x2;60;2;64;;
60x2.5;60;2,5;65;;
60x2.65;60;2,65;65,3;;
60x3.55;60;3,55;67,1;;
60x4;60;4;68;;
60x8;60;8;76;;
60x10;60;10;80;;
60.45x5.38;60,45;5,38;71,21;;
60.5x2;60,5;2;64,5;;
61x1.5;61;1,5;64;;
61x1.8;61;1,8;64,6;;
61x2;61;2;65;;
61x2.5;61;2,5;66;;
61x2.65;61;2,65;66,3;;
61x8.6;61;8,6;78,2;;
61x10;61;10;81;;
61.8x2;61,8;2;65,8;;
62x1.5;62;1,5;65;;
62x1.8;62;1,8;65,6;;
62x2;62;2;66;;
62x2.5;62;2,5;67;;
62x2.65;62;2,65;67,3;;
62x3;62;3;68;;
62x10;62;10;82;;
62.87x5.33;62,87;5,33;73,53;;
63x1.5;63;1,5;66;;
63x1.8;63;1,8;66,6;;
63x2;63;2;67;;
63x2.5;63;2,5;68;;
63x2.65;63;2,65;68,3;;
63x3;63;3;69;;
63x10;63;10;83;;
63.17x2.62;63,17;2,62;68,41;;
63.22x1.78;63,22;1,78;66,78;;
63.5x6;63,5;6;75,5;;
64x1.5;64;1,5;67;;
64x1.8;64;1,8;67,6;;
64x2;64;2;68;;
64x2.5;64;2,5;69;;
64x2.6;64;2,6;69,2;;
64x2.65;64;2,65;69,3;;
64x3;64;3;70;;
64x10;64;10;84;;
64.5x2.7;64,5;2,7;69,9;;
64.5x3;64,5;3;70,5;;
64.77x2.49;64,77;2,49;69,75;;
64.77x2.62;64,77;2,62;70,01;;
65x1.5;65;1,5;68;;
65x1.8;65;1,8;68,6;;
65x2;65;2;69;;
65x2.5;65;2,5;70;;
65x2.65;65;2,65;70,3;;
65x10;65;10;85;;
65.5x1.5;65,5;1,5;68,5;;
66x1.5;66;1,5;69;;
66x1.8;66;1,8;69,6;;
66x2;66;2;70;;
66x2.5;66;2,5;71;;
66x2.6;66;2,6;71,2;;
66x2.65;66;2,65;71,3;;
66x10;66;10;86;;
66.2x9.4;66,2;9,4;85;;
66.39x1.9;66,39;1,9;70,19;;
67x1.5;67;1,5;70;;
67x1.8;67;1,8;70,6;;
67x2;67;2;71;;
67x2.5;67;2,5;72;;
67x2.65;67;2,65;72,3;;
67x3.55;67;3,55;74,1;;
67x10;67;10;87;;
67.51x5.38;67,51;5,38;78,27;;
67.6x2.4;67,6;2,4;72,4;;
67.82x1.22;67,82;1,22;70,26;;
68x1.5;68;1,5;71;;
68x1.8;68;1,8;71,6;;
68x2;68;2;72;;
68x2.5;68;2,5;73;;
68x2.6;68;2,6;73,2;;
68x2.65;68;2,65;73,3;;
68x4;68;4;76;;
68x10;68;10;88;;
69x1.5;69;1,5;72;;
69x1.8;69;1,8;72,6;;
69x2;69;2;73;;
69x2.5;69;2,5;74;;
69x2.65;69;2,65;74,3;;
69x10;69;10;89;;
69.22x6.99;69,22;6,99;83,2;;
69.5x2.62;69,5;2,62;74,74;;
70x1.5;70;1,5;73;;
70x1.8;70;1,8;73,6;;
70x2;70;2;74;;
70x2.4;70;2,4;74,8;;
70x2.5;70;2,5;75;;
70x2.65;70;2,65;75,3;;
70x3;70;3;76;;
70x10;70;10;90;;
70.1x5.38;70,1;5,38;80,86;;
70.66x2.62;70,66;2,62;75,9;;
71x1.5;71;1,5;74;;
71x1.8;71;1,8;74,6;;
71x2;71;2;75;;
71x2.5;71;2,5;76;;
71x2.65;71;2,65;76,3;;
71x10;71;10;91;;
71.5x1.5;71,5;1,5;74,5;;
72x1.5;72;1,5;75;;
72x1.8;72;1,8;75,6;;
72x2;72;2;76;;
72x2.5;72;2,5;77;;
72x2.65;72;2,65;77,3;;
72x10;72;10;92;;
72.69x2.62;72,69;2,62;77,93;;
72.69x7.42;72,69;7,42;87,53;;
73x1.5;73;1,5;76;;
73x1.8;73;1,8;76,6;;
73x2;73;2;77;;
73x2.5;73;2,5;78;;
73x2.65;73;2,65;78,3;;
73x10;73;10;93;;
73.5x2;73,5;2;77,5;;
74x1.5;74;1,5;77;;
74x1.8;74;1,8;77,6;;
74x2;74;2;78;;
74x2.5;74;2,5;79;;
74x2.65;74;2,65;79,3;;
74x10;74;10;94;;
74.2x5.7;74,2;5,7;85,6;;
75x1.5;75;1,5;78;;
75x1.8;75;1,8;78,6;;
75x2;75;2;79;;
75x2.5;75;2,5;80;;
75x2.65;75;2,65;80,3;;
75x3;75;3;81;;
75x4;75;4;83;;
75x8;75;8;91;;
75x10;75;10;95;;
75.56x6.99;75,56;6,99;89,54;;
75.79x3.53;75,79;3,53;82,85;;
75.8x2;75,8;2;79,8;;
75.8x9.5;75,8;9,5;94,8;;
76x1.5;76;1,5;79;;
76x1.8;76;1,8;79,6;;
76x2;76;2;80;;
76x2.5;76;2,5;81;;
76x2.65;76;2,65;81,3;;
76x9;76;9;94;;
76x10;76;10;96;;
77x1.5;77;1,5;80;;
77x1.8;77;1,8;80,6;;
77x2;77;2;81;;
77x2.5;77;2,5;82;;
77x2.65;77;2,65;82,3;;
77x10;77;10;97;;
77.22x2.62;77,22;2,62;82,46;;
77.5x3.55;77,5;3,55;84,6;;
78x1.5;78;1,5;81;;
78x1.8;78;1,8;81,6;;
78x2;78;2;82;;
78x2.5;78;2,5;83;;
78x2.65;78;2,65;83,3;;
78x3;78;3;84;;
78x10;78;10;98;;
78.23x7.49;78,23;7,49;93,21;;
78.23x8.38;78,23;8,38;94,99;;
78.23x8.76;78,23;8,76;95,75;;
78.74x8.28;78,74;8,28;95,3;;
79x1.5;79;1,5;82;;
79x1.78;79;1,78;82,56;;
79x1.8;79;1,8;82,6;;
79x2;79;2;83;;
79x2.5;79;2,5;84;;
79x2.65;79;2,65;84,3;;
79x5.7;79;5,7;90,4;;
79x10;79;10;99;;
79.2x3;79,2;3;85,2;;
79.2x5.7;79,2;5,7;90,6;;
80x1.5;80;1,5;83;;
80x1.8;80;1,8;83,6;;
80x2;80;2;84;;
80x2.5;80;2,5;85;;
80x2.65;80;2,65;85,3;;
80x3;80;3;86;;
80x4;80;4;88;;
80x10;80;10;100;;
80.5x3;80,5;3;86,5;;
81x1.5;81;1,5;84;;
81x1.8;81;1,8;84,6;;
81x2;81;2;85;;
81x2.5;81;2,5;86;;
81x2.65;81;2,65;86,3;;
81x4;81;4;89;;
81x10;81;10;101;;
82x1.5;82;1,5;85;;
82x1.8;82;1,8;85,6;;
82x2;82;2;86;;
82x2.5;82;2,5;87;;
82x2.65;82;2,65;87,3;;
82x3;82;3;88;;
82x5.5;82;5,5;93;;
82x10;82;10;102;;
82.15x3.53;82,15;3,53;89,21;;
82.5x3.55;82,5;3,55;89,6;;
82.58x8.28;82,58;8,28;99,14;;
83x1.5;83;1,5;86;;
83x1.8;83;1,8;86,6;;
83x2;83;2;87;;
83x2.5;83;2,5;88;;
83x2.65;83;2,65;88,3;;
83x9.8;83;9,8;102,6;;
83x10;83;10;103;;
83.13x5.38;83,13;5,38;93,89;;
84x1.5;84;1,5;87;;
84x1.8;84;1,8;87,6;;
84x2;84;2;88;;
84x2.5;84;2,5;89;;
84x2.65;84;2,65;89,3;;
84x3;84;3;90;;
84x10;84;10;104;;
84.14x1.61;84,14;1,61;87,36;;
84.5x3;84,5;3;90,5;;
85x1.5;85;1,5;88;;
85x1.8;85;1,8;88,6;;
85x2;85;2;89;;
85x2.5;85;2,5;90;;
85x2.65;85;2,65;90,3;;
85x3.55;85;3,55;92,1;;
85x10;85;10;105;;
85.73x2.78;85,73;2,78;91,29;;
86x1.5;86;1,5;89;;
86x1.8;86;1,8;89,6;;
86x2;86;2;90;;
86x2.5;86;2,5;91;;
86x2.65;86;2,65;91,3;;
86x3;86;3;92;;
86x10;86;10;106;;
86.5x5.3;86,5;5,3;97,1;;
87x1.5;87;1,5;90;;
87x1.8;87;1,8;90,6;;
87x2;87;2;91;;
87x2.5;87;2,5;92;;
87x2.65;87;2,65;92,3;;
87x3;87;3;93;;
87x10;87;10;107;;
87.5x3.55;87,5;3,55;94,6;;
88x1.5;88;1,5;91;;
88x1.8;88;1,8;91,6;;
88x2;88;2;92;;
88x2.5;88;2,5;93;;
88x2.65;88;2,65;93,3;;
88x3;88;3;94;;
88x10;88;10;108;;
88.57x2.62;88,57;2,62;93,81;;
88.9x5;88,9;5;98,9;;
89x1.5;89;1,5;92;;
89x1.8;89;1,8;92,6;;
89x2;89;2;93;;
89x2.5;89;2,5;94;;
89x2.65;89;2,65;94,3;;
89x10;89;10;109;;
90x1.5;90;1,5;93;;
90x1.8;90;1,8;93,6;;
90x2;90;2;94;;
90x2.5;90;2,5;95;;
90x2.65;90;2,65;95,3;;
90x3;90;3;96;;
90x10;90;10;110;;
91x1.5;91;1,5;94;;
91x1.8;91;1,8;94,6;;
91x2;91;2;95;;
91x2.5;91;2,5;96;;
91x2.65;91;2,65;96,3;;
91x3;91;3;97;;
91x10;91;10;111;;
92x1;92;1;94;;
92x1.5;92;1,5;95;;
92x1.8;92;1,8;95,6;;
92x2;92;2;96;;
92x2.5;92;2,5;97;;
92x2.65;92;2,65;97,3;;
92x3;92;3;98;;
92x10;92;10;112;;
92.08x3;92,08;3;98,08;;
92.5x3.55;92,5;3,55;99,6;;
93x1.5;93;1,5;96;;
93x1.8;93;1,8;96,6;;
93x2;93;2;97;;
93x2.5;93;2,5;98;;
93x2.65;93;2,65;98,3;;
93x9.5;93;9,5;112;;
93x10;93;10;113;;
93.26x3.53;93,26;3,53;100,32;;
94x1.5;94;1,5;97;;
94x1.8;94;1,8;97,6;;
94x2;94;2;98;;
94x2.5;94;2,5;99;;
94x2.65;94;2,65;99,3;;
94x3;94;3;100;;
94x10;94;10;114;;
94.1x2.4;94,1;2,4;98,9;;
94.5x3;94,5;3;100,5;;
94.62x5.63;94,62;5,63;105,88;;
95x1.5;95;1,5;98;;
95x1.8;95;1,8;98,6;;
95x2;95;2;99;;
95x2.5;95;2,5;100;;
95x2.65;95;2,65;100,3;;
95x5;95;5;105;;
95x10;95;10;115;;
96x1.5;96;1,5;99;;
96x1.8;96;1,8;99,6;;
96x2;96;2;100;;
96x2.5;96;2,5;101;;
96x2.65;96;2,65;101,3;;
96x3.5;96;3,5;103;;
96x10;96;10;116;;
96.5x2.62;96,5;2,62;101,74;;
96.6x5.7;96,6;5,7;108;;
97x1.5;97;1,5;100;;
97x1.8;97;1,8;100,6;;
97x2;97;2;101;;
97x2.5;97;2,5;102;;
97x2.65;97;2,65;102,3;;
97x10;97;10;117;;
97.9x3.1;97,9;3,1;104,1;;
98x1.5;98;1,5;101;;
98x1.8;98;1,8;101,6;;
98x2;98;2;102;;
98x2.5;98;2,5;103;;
98x2.65;98;2,65;103,3;;
98x5.7;98;5,7;109,4;;
98x10;98;10;118;;
98.05x1.78;98,05;1,78;101,61;;
99x1.5;99;1,5;102;;
99x1.8;99;1,8;102,6;;
99x2;99;2;103;;
99x2.5;99;2,5;104;;
99x2.65;99;2,65;104,3;;
99x10;99;10;119;;
99.5x3;99,5;3;105,5;;
100x1.5;100;1,5;103;;
100x1.8;100;1,8;103,6;;
100x2;100;2;104;;
100x2.5;100;2,5;105;;
100x2.65;100;2,65;105,3;;
100x3;100;3;106;;
100x6.5;100;6,5;113;;
100x8;100;8;116;;
100x10;100;10;120;;
101x2;101;2;105;;
101x2.5;101;2,5;106;;
101x2.65;101;2,65;106,3;;
101x3;101;3;107;;
101x4.3;101;4,3;109,6;;
101x5.7;101;5,7;112,4;;
101x10;101;10;121;;
102x2;102;2;106;;
102x2.4;102;2,4;106,8;;
102x2.5;102;2,5;107;;
102x2.65;102;2,65;107,3;;
102x10;102;10;122;;
102.62x8.28;102,62;8,28;119,18;;
103x2;103;2;107;;
103x2.5;103;2,5;108;;
103x2.65;103;2,65;108,3;;
103x3.55;103;3,55;110,1;;
103x10;103;10;123;;
103.5x3;103,5;3;109,5;;
104x2;104;2;108;;
104x2.5;104;2,5;109;;
104x2.65;104;2,65;109,3;;
104x8;104;8;120;;
104x10;104;10;124;;
104.37x3.53;104,37;3,53;111,43;;
104.6x5.7;104,6;5,7;116;;
105x2;105;2;109;;
105x2.4;105;2,4;109,8;;
105x2.5;105;2,5;110;;
105x2.65;105;2,65;110,3;;
105x10;105;10;125;;
106x2;106;2;110;;
106x2.5;106;2,5;111;;
106x2.65;106;2,65;111,3;;
106x3.55;106;3,55;113,1;;
106x10;106;10;126;;
107x2;107;2;111;;
107x2.5;107;2,5;112;;
107x2.65;107;2,65;112,3;;
107x4;107;4;115;;
107x10;107;10;127;;
108x2;108;2;112;;
108x2.5;108;2,5;113;;
108x2.65;108;2,65;113,3;;
108x3;108;3;114;;
108x5.7;108;5,7;119,4;;
108x10;108;10;128;;
109x2;109;2;113;;
109x2.5;109;2,5;114;;
109x2.65;109;2,65;114,3;;
109x10;109;10;129;;
109.4x3.1;109,4;3,1;115,6;;
109.5x3;109,5;3;115,5;;
110x2;110;2;114;;
110x2.5;110;2,5;115;;
110x2.65;110;2,65;115,3;;
110x3;110;3;116;;
110x4;110;4;118;;
110x10;110;10;130;;
110.72x3.53;110,72;3,53;117,78;;
111x2;111;2;115;;
111x2.5;111;2,5;116;;
111x2.65;111;2,65;116,3;;
111x9;111;9;129;;
111x10;111;10;131;;
112x2;112;2;116;;
112x2.5;112;2,5;117;;
112x2.65;112;2,65;117,3;;
112x3;112;3;118;;
112x4;112;4;120;;
112x10;112;10;132;;
113x2;113;2;117;;
113x2.5;113;2,5;118;;
113x2.65;113;2,65;118,3;;
113x10;113;10;133;;
113.4x3.1;113,4;3,1;119,6;;
113.5x4;113,5;4;121,5;;
113.9x3.73;113,9;3,73;121,36;;
114x2;114;2;118;;
114x2.5;114;2,5;119;;
114x2.65;114;2,65;119,3;;
114x10;114;10;134;;
114.2x5.7;114,2;5,7;125,6;;
114.3x4.4;114,3;4,4;123,1;;
115x2;115;2;119;;
115x2.5;115;2,5;120;;
115x2.65;115;2,65;120,3;;
115x3;115;3;121;;
115x5.1;115;5,1;125,2;;
115x10;115;10;135;;
115.5x9.5;115,5;9,5;134,5;;
116x2;116;2;120;;
116x2.5;116;2,5;121;;
116x2.65;116;2,65;121,3;;
116x10;116;10;136;;
117x2;117;2;121;;
117x2.5;117;2,5;122;;
117x2.65;117;2,65;122,3;;
117x4;117;4;125;;
117x10;117;10;137;;
117.07x4.4;117,07;4,4;125,87;;
118x2;118;2;122;;
118x2.5;118;2,5;123;;
118x2.65;118;2,65;123,3;;
118x3;118;3;124;;
118x10;118;10;138;;
119x2;119;2;123;;
119x2.5;119;2,5;124;;
119x2.65;119;2,65;124,3;;
119x10;119;10;139;;
119x12;119;12;143;;
120x2;120;2;124;;
120x2.5;120;2,5;125;;
120x2.65;120;2,65;125,3;;
120x4;120;4;128;;
120x10;120;10;140;;
121x2;121;2;125;;
121x2.5;121;2,5;126;;
121x2.65;121;2,65;126,3;;
121x10;121;10;141;;
122x2;122;2;126;;
122x2.5;122;2,5;127;;
122x2.65;122;2,65;127,3;;
122x10;122;10;142;;
123x2;123;2;127;;
123x2.1;123;2,1;127,2;;
123x2.5;123;2,5;128;;
123x2.65;123;2,65;128,3;;
123x10;123;10;143;;
123.5x9.5;123,5;9,5;142,5;;
124x2;124;2;128;;
124x2.5;124;2,5;129;;
124x2.65;124;2,65;129,3;;
124x10;124;10;144;;
125x2;125;2;129;;
125x2.5;125;2,5;130;;
125x2.65;125;2,65;130,3;;
125x10;125;10;145;;
125.8x3;125,8;3;131,8;;
126x2;126;2;130;;
126x2.5;126;2,5;131;;
126x2.65;126;2,65;131,3;;
126x4;126;4;134;;
126x6;126;6;138;;
126x8;126;8;142;;
126x10;126;10;146;;
127x2;127;2;131;;
127x2.5;127;2,5;132;;
127x2.65;127;2,65;132,3;;
127x10;127;10;147;;
128x2;128;2;132;;
128x2.5;128;2,5;133;;
128x2.65;128;2,65;133,3;;
128x10;128;10;148;;
129x2;129;2;133;;
129x2.5;129;2,5;134;;
129x2.65;129;2,65;134,3;;
129x10;129;10;149;;
129.4x1.78;129,4;1,78;132,96;;
129.54x1.65;129,54;1,65;132,84;;
129.54x5.33;129,54;5,33;140,2;;
130x1;130;1;132;;
130x2;130;2;134;;
130x2.5;130;2,5;135;;
130x2.65;130;2,65;135,3;;
130x3;130;3;136;;
130x10;130;10;150;;
131x2;131;2;135;;
131x2.5;131;2,5;136;;
131x2.65;131;2,65;136,3;;
131x10;131;10;151;;
132x2;132;2;136;;
132x2.5;132;2,5;137;;
132x2.65;132;2,65;137,3;;
132x10;132;10;152;;
132.5x1.9;132,5;1,9;136,3;;
132.5x5.8;132,5;5,8;144,1;;
133x2;133;2;137;;
133x2.5;133;2,5;138;;
133x2.62;133;2,62;138,24;;
133x2.65;133;2,65;138,3;;
133x10;133;10;153;;
134x2;134;2;138;;
134x2.5;134;2,5;139;;
134x2.65;134;2,65;139,3;;
134x4;134;4;142;;
134x10;134;10;154;;
135x2;135;2;139;;
135x2.5;135;2,5;140;;
135x2.65;135;2,65;140,3;;
135x10;135;10;155;;
136x2;136;2;140;;
136x2.5;136;2,5;141;;
136x2.65;136;2,65;141,3;;
136x10;136;10;156;;
137x2;137;2;141;;
137x2.5;137;2,5;142;;
137x2.65;137;2,65;142,3;;
137x10;137;10;157;;
138x2;138;2;142;;
138x2.5;138;2,5;143;;
138x2.65;138;2,65;143,3;;
138x4;138;4;146;;
138x6;138;6;150;;
138x8;138;8;154;;
138x10;138;10;158;;
138.44x2;138,44;2;142,44;;
139x2;139;2;143;;
139x2.5;139;2,5;144;;
139x2.65;139;2,65;144,3;;
139x10;139;10;159;;
139.5x4;139,5;4;147,5;;
140x2;140;2;144;;
140x2.5;140;2,5;145;;
140x2.65;140;2,65;145,3;;
140x10;140;10;160;;
140.5x4;140,5;4;148,5;;
141x2;141;2;145;;
141x2.4;141;2,4;145,8;;
141x2.5;141;2,5;146;;
141x2.65;141;2,65;146,3;;
141x10;141;10;161;;
141.75x4;141,75;4;149,75;;
142x2;142;2;146;;
142x2.5;142;2,5;147;;
142x2.65;142;2,65;147,3;;
142x10;142;10;162;;
142.74x3.8;142,74;3,8;150,34;;
142.8x5.8;142,8;5,8;154,4;;
143x2;143;2;147;;
143x2.5;143;2,5;148;;
143x2.65;143;2,65;148,3;;
143x10;143;10;163;;
144x2;144;2;148;;
144x2.5;144;2,5;149;;
144x2.65;144;2,65;149,3;;
144x4.5;144;4,5;153;;
144x10;144;10;164;;
144.5x3;144,5;3;150,5;;
144.78x4.19;144,78;4,19;153,16;;
145x2;145;2;149;;
145x2.5;145;2,5;150;;
145x2.65;145;2,65;150,3;;
145x10;145;10;165;;
145.16x3.96;145,16;3,96;153,08;;
145.16x4.14;145,16;4,14;153,44;;
145.16x4.31;145,16;4,31;153,78;;
145.64x9.47;145,64;9,47;164,58;;
146x2;146;2;150;;
146x2.5;146;2,5;151;;
146x2.65;146;2,65;151,3;;
146x10;146;10;166;;
147x2;147;2;151;;
147x2.5;147;2,5;152;;
147x2.65;147;2,65;152,3;;
147x10;147;10;167;;
147.5x4;147,5;4;155,5;;
148x2;148;2;152;;
148x2.5;148;2,5;153;;
148x2.65;148;2,65;153,3;;
148x10;148;10;168;;
149x2;149;2;153;;
149x2.5;149;2,5;154;;
149x2.65;149;2,65;154,3;;
149x10;149;10;169;;
150x2;150;2;154;;
150x2.5;150;2,5;155;;
150x2.65;150;2,65;155,3;;
150x10;150;10;170;;
151x2;151;2;155;;
151x2.5;151;2,5;156;;
151x2.65;151;2,65;156,3;;
151x10;151;10;171;;
152x2.5;152;2,5;157;;
152x2.65;152;2,65;157,3;;
152x4;152;4;160;;
152x10;152;10;172;;
152x12;152;12;176;;
152.07x2.62;152,07;2,62;157,31;;
152.4x4.88;152,4;4,88;162,16;;
153x2.5;153;2,5;158;;
153x2.65;153;2,65;158,3;;
153x10;153;10;173;;
154x2.5;154;2,5;159;;
154x2.65;154;2,65;159,3;;
154x10;154;10;174;;
155x2.5;155;2,5;160;;
155x2.65;155;2,65;160,3;;
155x4.5;155;4,5;164;;
155x10;155;10;175;;
156x2.5;156;2,5;161;;
156x2.65;156;2,65;161,3;;
156x10;156;10;176;;
157x2.5;157;2,5;162;;
157x2.65;157;2,65;162,3;;
157x10;157;10;177;;
158x2.5;158;2,5;163;;
158x2.65;158;2,65;163,3;;
158x10;158;10;178;;
159x2.5;159;2,5;164;;
159x2.65;159;2,65;164,3;;
159x10;159;10;179;;
160x2.5;160;2,5;165;;
160x2.65;160;2,65;165,3;;
160x3;160;3;166;;
160x10;160;10;180;;
161x2.5;161;2,5;166;;
161x2.65;161;2,65;166,3;;
161x10;161;10;181;;
162x2.5;162;2,5;167;;
162x2.65;162;2,65;167,3;;
162x10;162;10;182;;
163x2.5;163;2,5;168;;
163x2.65;163;2,65;168,3;;
163x10;163;10;183;;
164x2.5;164;2,5;169;;
164x2.65;164;2,65;169,3;;
164x10;164;10;184;;
165x2.5;165;2,5;170;;
165x2.65;165;2,65;170,3;;
165x10;165;10;185;;
165.1x4.88;165,1;4,88;174,86;;
166x2.5;166;2,5;171;;
166x2.65;166;2,65;171,3;;
166x10;166;10;186;;
167x2.5;167;2,5;172;;
167x2.65;167;2,65;172,3;;
167x10;167;10;187;;
167.28x8;167,28;8;183,28;;
168x2.5;168;2,5;173;;
168x2.65;168;2,65;173,3;;
168x10;168;10;188;;
169x2.5;169;2,5;174;;
169x2.65;169;2,65;174,3;;
169x3.6;169;3,6;176,2;;
169x10;169;10;189;;
169.3x5.7;169,3;5,7;180,7;;
170x2.5;170;2,5;175;;
170x2.65;170;2,65;175,3;;
170x10;170;10;190;;
171x2.5;171;2,5;176;;
171x2.65;171;2,65;176,3;;
171x10;171;10;191;;
172x2.5;172;2,5;177;;
172x2.65;172;2,65;177,3;;
172x4.5;172;4,5;181;;
172x10;172;10;192;;
173x2.5;173;2,5;178;;
173x2.65;173;2,65;178,3;;
173x10;173;10;193;;
174x2.5;174;2,5;179;;
174x2.65;174;2,65;179,3;;
174x10;174;10;194;;
175x2.5;175;2,5;180;;
175x2.65;175;2,65;180,3;;
175x10;175;10;195;;
176x2.5;176;2,5;181;;
176x2.65;176;2,65;181,3;;
176x10;176;10;196;;
177x2.5;177;2,5;182;;
177x2.65;177;2,65;182,3;;
177x10;177;10;197;;
178x2.5;178;2,5;183;;
178x2.65;178;2,65;183,3;;
178x10;178;10;198;;
179x2.5;179;2,5;184;;
179x2.65;179;2,65;184,3;;
179x10;179;10;199;;
179.3x5.7;179,3;5,7;190,7;;
180x2.5;180;2,5;185;;
180x2.65;180;2,65;185,3;;
180x3;180;3;186;;
180x10;180;10;200;;
181x2.5;181;2,5;186;;
181x2.65;181;2,65;186,3;;
181x10;181;10;201;;
182x2.5;182;2,5;187;;
182x2.65;182;2,65;187,3;;
182x10;182;10;202;;
183x2.5;183;2,5;188;;
183x2.65;183;2,65;188,3;;
183x10;183;10;203;;
184x2.5;184;2,5;189;;
184x2.65;184;2,65;189,3;;
184x10;184;10;204;;
185x2.5;185;2,5;190;;
185x2.65;185;2,65;190,3;;
185x10;185;10;205;;
186x2.5;186;2,5;191;;
186x2.65;186;2,65;191,3;;
186x10;186;10;206;;
186.6x5.33;186,6;5,33;197,26;;
187x2.5;187;2,5;192;;
187x2.65;187;2,65;192,3;;
187x10;187;10;207;;
188x2.5;188;2,5;193;;
188x2.65;188;2,65;193,3;;
188x10;188;10;208;;
189x2.5;189;2,5;194;;
189x2.65;189;2,65;194,3;;
189x10;189;10;209;;
189.3x5.7;189,3;5,7;200,7;;
190x2.5;190;2,5;195;;
190x2.65;190;2,65;195,3;;
190x10;190;10;210;;
191x2.5;191;2,5;196;;
191x2.65;191;2,65;196,3;;
191x10;191;10;211;;
192x2.5;192;2,5;197;;
192x2.65;192;2,65;197,3;;
192x10;192;10;212;;
193x2.5;193;2,5;198;;
193x2.65;193;2,65;198,3;;
193x10;193;10;213;;
194x2.5;194;2,5;199;;
194x2.65;194;2,65;199,3;;
194x10;194;10;214;;
195x2.5;195;2,5;200;;
195x2.65;195;2,65;200,3;;
195x6;195;6;207;;
195x10;195;10;215;;
196x2.5;196;2,5;201;;
196x2.65;196;2,65;201,3;;
196x10;196;10;216;;
197x2.5;197;2,5;202;;
197x2.65;197;2,65;202,3;;
197x10;197;10;217;;
198x2.5;198;2,5;203;;
198x2.65;198;2,65;203,3;;
198x10;198;10;218;;
199x2.5;199;2,5;204;;
199x2.65;199;2,65;204,3;;
199x10;199;10;219;;
199.3x5.33;199,3;5,33;209,96;;
200x2.5;200;2,5;205;;
200x2.65;200;2,65;205,3;;
200x10;200;10;220;;
201x2.5;201;2,5;206;;
201x2.65;201;2,65;206,3;;
201x10;201;10;221;;
202x2.5;202;2,5;207;;
202x2.65;202;2,65;207,3;;
202x10;202;10;222;;
203x2.5;203;2,5;208;;
203x2.65;203;2,65;208,3;;
203x10;203;10;223;;
204x2.5;204;2,5;209;;
204x2.65;204;2,65;209,3;;
204x10;204;10;224;;
205x2.5;205;2,5;210;;
205x2.65;205;2,65;210,3;;
205x8;205;8;221;;
205x10;205;10;225;;
206x2.5;206;2,5;211;;
206x2.65;206;2,65;211,3;;
206x10;206;10;226;;
207x2.5;207;2,5;212;;
207x2.65;207;2,65;212,3;;
207x10;207;10;227;;
208x2.5;208;2,5;213;;
208x2.65;208;2,65;213,3;;
208x10;208;10;228;;
209x2.5;209;2,5;214;;
209x2.65;209;2,65;214,3;;
209x10;209;10;229;;
209.3x5.7;209,3;5,7;220,7;;
210x2.5;210;2,5;215;;
210x2.65;210;2,65;215,3;;
210x10;210;10;230;;
211x2.5;211;2,5;216;;
211x2.65;211;2,65;216,3;;
211x10;211;10;231;;
212x2.5;212;2,5;217;;
212x2.65;212;2,65;217,3;;
212x10;212;10;232;;
213x2.5;213;2,5;218;;
213x2.65;213;2,65;218,3;;
213x10;213;10;233;;
214x2.5;214;2,5;219;;
214x2.65;214;2,65;219,3;;
214x10;214;10;234;;
215x2.5;215;2,5;220;;
215x2.65;215;2,65;220,3;;
215x10;215;10;235;;
216x2.5;216;2,5;221;;
216x2.65;216;2,65;221,3;;
216x10;216;10;236;;
217x2.5;217;2,5;222;;
217x2.65;217;2,65;222,3;;
217x10;217;10;237;;
218x2.5;218;2,5;223;;
218x2.65;218;2,65;223,3;;
218x10;218;10;238;;
219x2.5;219;2,5;224;;
219x2.65;219;2,65;224,3;;
219x10;219;10;239;;
220x2.5;220;2,5;225;;
220x2.65;220;2,65;225,3;;
220x10;220;10;240;;
221x2.5;221;2,5;226;;
221x2.65;221;2,65;226,3;;
221x10;221;10;241;;
222x2.5;222;2,5;227;;
222x2.65;222;2,65;227,3;;
222x10;222;10;242;;
223x2.5;223;2,5;228;;
223x2.65;223;2,65;228,3;;
223x10;223;10;243;;
224x2.5;224;2,5;229;;
224x2.65;224;2,65;229,3;;
224x10;224;10;244;;
225x2.5;225;2,5;230;;
225x2.65;225;2,65;230,3;;
225x10;225;10;245;;
226x2.5;226;2,5;231;;
226x2.65;226;2,65;231,3;;
226x10;226;10;246;;
227x2.5;227;2,5;232;;
227x2.65;227;2,65;232,3;;
227x10;227;10;247;;
228x2.5;228;2,5;233;;
228x2.65;228;2,65;233,3;;
228x10;228;10;248;;
229x2.5;229;2,5;234;;
229x2.65;229;2,65;234,3;;
229x10;229;10;249;;
229.3x5.7;229,3;5,7;240,7;;
230x2.5;230;2,5;235;;
230x2.65;230;2,65;235,3;;
230x10;230;10;250;;
231x2.5;231;2,5;236;;
231x2.65;231;2,65;236,3;;
231x10;231;10;251;;
232x2.5;232;2,5;237;;
232x2.65;232;2,65;237,3;;
232x10;232;10;252;;
232x12;232;12;256;;
233x2.5;233;2,5;238;;
233x2.65;233;2,65;238,3;;
233x10;233;10;253;;
234x2.5;234;2,5;239;;
234x2.65;234;2,65;239,3;;
234x10;234;10;254;;
235x2.5;235;2,5;240;;
235x2.65;235;2,65;240,3;;
235x10;235;10;255;;
236x2.5;236;2,5;241;;
236x2.65;236;2,65;241,3;;
236x10;236;10;256;;
237x2.5;237;2,5;242;;
237x2.65;237;2,65;242,3;;
237x10;237;10;257;;
238x2.5;238;2,5;243;;
238x2.65;238;2,65;243,3;;
238x10;238;10;258;;
239x2.5;239;2,5;244;;
239x2.65;239;2,65;244,3;;
239x10;239;10;259;;
240x2.5;240;2,5;245;;
240x2.65;240;2,65;245,3;;
240x10;240;10;260;;
241x2.5;241;2,5;246;;
241x2.65;241;2,65;246,3;;
241x10;241;10;261;;
242x2.5;242;2,5;247;;
242x2.65;242;2,65;247,3;;
242x10;242;10;262;;
243x2.5;243;2,5;248;;
243x2.65;243;2,65;248,3;;
243x10;243;10;263;;
244x2.5;244;2,5;249;;
244x2.65;244;2,65;249,3;;
244x10;244;10;264;;
245x2.5;245;2,5;250;;
245x2.65;245;2,65;250,3;;
245x10;245;10;265;;
246x2.5;246;2,5;251;;
246x2.65;246;2,65;251,3;;
246x10;246;10;266;;
247x2.5;247;2,5;252;;
247x2.65;247;2,65;252,3;;
247x10;247;10;267;;
248x2.5;248;2,5;253;;
248x2.65;248;2,65;253,3;;
248x10;248;10;268;;
249x2.5;249;2,5;254;;
249x2.65;249;2,65;254,3;;
249x10;249;10;269;;
250x2.5;250;2,5;255;;
250x2.65;250;2,65;255,3;;
250x10;250;10;270;;
251x10;251;10;271;;
252x10;252;10;272;;
253x10;253;10;273;;
254x10;254;10;274;;
255x10;255;10;275;;
256x10;256;10;276;;
257x10;257;10;277;;
258x10;258;10;278;;
259x10;259;10;279;;
260x10;260;10;280;;
261x10;261;10;281;;
262x10;262;10;282;;
263x10;263;10;283;;
264x10;264;10;284;;
265x10;265;10;285;;
266x10;266;10;286;;
267x10;267;10;287;;
268x10;268;10;288;;
269x10;269;10;289;;
270x10;270;10;290;;
271x10;271;10;291;;
272x10;272;10;292;;
273x10;273;10;293;;
274x10;274;10;294;;
275x10;275;10;295;;
276x10;276;10;296;;
277x10;277;10;297;;
278x10;278;10;298;;
279x10;279;10;299;;
280x10;280;10;300;;
281x10;281;10;301;;
282x10;282;10;302;;
283x10;283;10;303;;
284x10;284;10;304;;
285x10;285;10;305;;
286x10;286;10;306;;
287x10;287;10;307;;
288x10;288;10;308;;
289x10;289;10;309;;
290x10;290;10;310;;
291x10;291;10;311;;
292x10;292;10;312;;
293x10;293;10;313;;
294x10;294;10;314;;
295x10;295;10;315;;
296x10;296;10;316;;
297x10;297;10;317;;
298x10;298;10;318;;
299x10;299;10;319;;
300x10;300;10;320;;
301x10;301;10;321;;
302x10;302;10;322;;
303x10;303;10;323;;
304x10;304;10;324;;
305x10;305;10;325;;
306x10;306;10;326;;
307x10;307;10;327;;
308x10;308;10;328;;
309x10;309;10;329;;
310x10;310;10;330;;
311x10;311;10;331;;
312x10;312;10;332;;
313x10;313;10;333;;
314x10;314;10;334;;
315x10;315;10;335;;
316x10;316;10;336;;
317x10;317;10;337;;
318x10;318;10;338;;
319x10;319;10;339;;
320x10;320;10;340;;
321x10;321;10;341;;
322x10;322;10;342;;
323x10;323;10;343;;
324x10;324;10;344;;
325x10;325;10;345;;
326x10;326;10;346;;
327x10;327;10;347;;
328x10;328;10;348;;
329x10;329;10;349;;
330x10;330;10;350;;
331x10;331;10;351;;
332x10;332;10;352;;
333x10;333;10;353;;
334x10;334;10;354;;
335x10;335;10;355;;
336x10;336;10;356;;
337x10;337;10;357;;
338x10;338;10;358;;
339x10;339;10;359;;
340x10;340;10;360;;
341x10;341;10;361;;
342x10;342;10;362;;
343x10;343;10;363;;
344x10;344;10;364;;
345x10;345;10;365;;
346x10;346;10;366;;
347x10;347;10;367;;
348x10;348;10;368;;
349x10;349;10;369;;
350x10;350;10;370;;
351x10;351;10;371;;
352x10;352;10;372;;
353x10;353;10;373;;
354x10;354;10;374;;
355x10;355;10;375;;
356x10;356;10;376;;
357x10;357;10;377;;
358x10;358;10;378;;
359x10;359;10;379;;
360x10;360;10;380;;
361x10;361;10;381;;
362x10;362;10;382;;
363x10;363;10;383;;
364x10;364;10;384;;
365x10;365;10;385;;
366x10;366;10;386;;
367x10;367;10;387;;
368x10;368;10;388;;
369x10;369;10;389;;
370x10;370;10;390;;
371x10;371;10;391;;
372x10;372;10;392;;
373x10;373;10;393;;
374x10;374;10;394;;
375x10;375;10;395;;
376x10;376;10;396;;
377x10;377;10;397;;
378x10;378;10;398;;
379x10;379;10;399;;
380x10;380;10;400;;
381x10;381;10;401;;
382x10;382;10;402;;
383x10;383;10;403;;
384x10;384;10;404;;
385x10;385;10;405;;
386x10;386;10;406;;
387x10;387;10;407;;
388x10;388;10;408;;
389x10;389;10;409;;
390x10;390;10;410;;
391x10;391;10;411;;
392x10;392;10;412;;
393x10;393;10;413;;
394x10;394;10;414;;
395x10;395;10;415;;
396x10;396;10;416;;
397x10;397;10;417;;
398x10;398;10;418;;
399x10;399;10;419;;
400x10;400;10;420;;
401x10;401;10;421;;
403x10;403;10;423;;
405x10;405;10;425;;
407x10;407;10;427;;
409x10;409;10;429;;
411x10;411;10;431;;
413x10;413;10;433;;
415x10;415;10;435;;
417x10;417;10;437;;
419x10;419;10;439;;
421x10;421;10;441;;
423x10;423;10;443;;
425x10;425;10;445;;
427x10;427;10;447;;
429x10;429;10;449;;
431x10;431;10;451;;
433x10;433;10;453;;
435x10;435;10;455;;
437x10;437;10;457;;
439x10;439;10;459;;
441x10;441;10;461;;
443x10;443;10;463;;
445x10;445;10;465;;
447x10;447;10;467;;
449x10;449;10;469;;
451x10;451;10;471;;
453x10;453;10;473;;
455x10;455;10;475;;
457x10;457;10;477;;
459x10;459;10;479;;
461x10;461;10;481;;
463x10;463;10;483;;
465x10;465;10;485;;
467x10;467;10;487;;
469x10;469;10;489;;
471x10;471;10;491;;
473x10;473;10;493;;
475x10;475;10;495;;
477x10;477;10;497;;
479x10;479;10;499;;
481x10;481;10;501;;
483x10;483;10;503;;
485x10;485;10;505;;
487x10;487;10;507;;
489x10;489;10;509;;
491x10;491;10;511;;
493x10;493;10;513;;
495x10;495;10;515;;
497x10;497;10;517;;
499x10;499;10;519;;
501x10;501;10;521;;
503x10;503;10;523;;
505x10;505;10;525;;
507x10;507;10;527;;
509x10;509;10;529;;
511x10;511;10;531;;
513x10;513;10;533;;
515x10;515;10;535;;
517x10;517;10;537;;
519x10;519;10;539;;
521x10;521;10;541;;
523x10;523;10;543;;
525x10;525;10;545;;
527x10;527;10;547;;
529x10;529;10;549;;
531x10;531;10;551;;
533x10;533;10;553;;
535x10;535;10;555;;
537x10;537;10;557;;
539x10;539;10;559;;
541x10;541;10;561;;
543x10;543;10;563;;
545x10;545;10;565;;
547x10;547;10;567;;
549x10;549;10;569;;
551x10;551;10;571;;
553x10;553;10;573;;
555x10;555;10;575;;
557x10;557;10;577;;
559x10;559;10;579;;
561x10;561;10;581;;
563x10;563;10;583;;
565x10;565;10;585;;
567x10;567;10;587;;
569x10;569;10;589;;
571x10;571;10;591;;
573x10;573;10;593;;
575x10;575;10;595;;
577x10;577;10;597;;
579x10;579;10;599;;
581x10;581;10;601;;
583x10;583;10;603;;
585x10;585;10;605;;
587x10;587;10;607;;
589x10;589;10;609;;
591x10;591;10;611;;
593x10;593;10;613;;
595x10;595;10;615;;
597x10;597;10;617;;
599x10;599;10;619;;
600x10;600;10;620;;
605x10;605;10;625;;
610x10;610;10;630;;
615x10;615;10;635;;
620x10;620;10;640;;
