as568;di_interno_pol;secao_w_pol;de_externo_pol;di_interno_mm;secao_w_mm;de_externo_mm;tolerancia_di_mm;tolerancia_w_mm
001;0,0291;0,0701;0,1693;0,74;1,78;4,3;0,1;0,1
002;0,0421;0,0701;0,1823;1,07;1,78;4,63;0,1;0,1
003;0,0559;0,0701;0,1961;1,42;1,78;4,98;0,1;0,1
004;0,0701;0,0701;0,2102;1,78;1,78;5,34;0,13;0,13
005;0,1012;0,0701;0,2413;2,57;1,78;6,13;0,13;0,13
006;0,1142;0,0701;0,2543;2,9;1,78;6,46;0,13;0,13
007;0,1449;0,0701;0,285;3,68;1,78;7,24;0,13;0,13
008;0,176;0,0701;0,3161;4,47;1,78;8,03;0,13;0,13
009;0,2079;0,0701;0,348;5,28;1,78;8,84;0,13;0,13
010;0,239;0,0701;0,3791;6,07;1,78;9,63;0,13;0,13
011;0,3012;0,0701;0,4413;7,65;1,78;11,21;0,13;0,13
012;0,3642;0,0701;0,5043;9,25;1,78;12,81;0,13;0,13
013;0,426;0,0701;0,5661;10,82;1,78;14,38;0,13;0,13
014;0,489;0,0701;0,6291;12,42;1,78;15,98;0,13;0,13
015;0,5512;0,0701;0,6913;14;1,78;17,56;0,18;0,18
016;0,6142;0,0701;0,7543;15,6;1,78;19,16;0,23;0,23
017;0,676;0,0701;0,8161;17,17;1,78;20,73;0,23;0,23
018;0,739;0,0701;0,8791;18,77;1,78;22,33;0,23;0,23
019;0,8024;0,0701;0,9425;20,38;1,78;23,94;0,23;0,23
020;0,8642;0,0701;1,0043;21,95;1,78;25,51;0,23;0,23
021;0,926;0,0701;1,0661;23,52;1,78;27,08;0,23;0,23
022;0,989;0,0701;1,1291;25,12;1,78;28,68;0,25;0,25
023;1,0512;0,0701;1,1913;26,7;1,78;30,26;0,25;0,25
024;1,1142;0,0701;1,2543;28,3;1,78;31,86;0,25;0,25
025;1,176;0,0701;1,3161;29,87;1,78;33,43;0,28;0,28
026;1,239;0,0701;1,3791;31,47;1,78;35,03;0,28;0,28
027;1,3012;0,0701;1,4413;33,05;1,78;36,61;0,28;0,28
028;1,3642;0,0701;1,5043;34,65;1,78;38,21;0,33;0,33
029;1,489;0,0701;1,6291;37,82;1,78;41,38;0,33;0,33
030;1,6142;0,0701;1,7543;41;1,78;44,56;0,33;0,33
031;1,739;0,0701;1,8791;44,17;1,78;47,73;0,38;0,38
032;1,8642;0,0701;2,0043;47,35;1,78;50,91;0,38;0,38
033;1,989;0,0701;2,1291;50,52;1,78;54,08;0,46;0,46
034;2,1142;0,0701;2,2543;53,7;1,78;57,26;0,46;0,46
035;2,239;0,0701;2,3791;56,87;1,78;60,43;0,46;0,46
036;2,3642;0,0701;2,5043;60,05;1,78;63,61;0,46;0,46
037;2,489;0,0701;2,6291;63,22;1,78;66,78;0,46;0,46
038;2,6142;0,0701;2,7543;66,4;1,78;69,96;0,51;0,51
039;2,739;0,0701;2,8791;69,57;1,78;73,13;0,51;0,51
040;2,8642;0,0701;3,0043;72,75;1,78;76,31;0,51;0,51
041;2,989;0,0701;3,1291;75,92;1,78;79,48;0,61;0,61
042;3,239;0,0701;3,3791;82,27;1,78;85,83;0,61;0,61
043;3,489;0,0701;3,6291;88,62;1,78;92,18;0,61;0,61
044;3,739;0,0701;3,8791;94,97;1,78;98,53;0,69;0,69
045;3,989;0,0701;4,1291;101,32;1,78;104,88;0,69;0,69
046;4,239;0,0701;4,3791;107,67;1,78;111,23;0,76;0,76
047;4,489;0,0701;4,6291;114,02;1,78;117,58;0,76;0,76
048;4,739;0,0701;4,8791;120,37;1,78;123,93;0,76;0,76
049;4,989;0,0701;5,1291;126,72;1,78;130,28;0,94;0,94
050;5,239;0,0701;5,3791;133,07;1,78;136,63;0,94;0,94
102;0,0488;0,1031;0,2551;1,24;2,62;6,48;0,13;0,13
103;0,0811;0,1031;0,2874;2,06;2,62;7,3;0,13;0,13
104;0,1118;0,1031;0,3181;2,84;2,62;8,08;0,13;0,13
105;0,1429;0,1031;0,3492;3,63;2,62;8,87;0,13;0,13
106;0,174;0,1031;0,3803;4,42;2,62;9,66;0,13;0,13
107;0,2059;0,1031;0,4122;5,23;2,62;10,47;0,13;0,13
108;0,237;0,1031;0,4433;6,02;2,62;11,26;0,13;0,13
109;0,2988;0,1031;0,5051;7,59;2,62;12,83;0,13;0,13
110;0,3618;0,1031;0,5681;9,19;2,62;14,43;0,13;0,13
111;0,424;0,1031;0,6303;10,77;2,62;16,01;0,13;0,13
112;0,487;0,1031;0,6933;12,37;2,62;17,61;0,13;0,13
113;0,5488;0,1031;0,7551;13,94;2,62;19,18;0,18;0,18
114;0,6118;0,1031;0,8181;15,54;2,62;20,78;0,23;0,23
115;0,674;0,1031;0,8803;17,12;2,62;22,36;0,23;0,23
116;0,737;0,1031;0,9433;18,72;2,62;23,96;0,23;0,23
117;0,7992;0,1031;1,0055;20,3;2,62;25,54;0,25;0,25
118;0,8618;0,1031;1,0681;21,89;2,62;27,13;0,25;0,25
119;0,924;0,1031;1,1303;23,47;2,62;28,71;0,25;0,25
120;0,987;0,1031;1,1933;25,07;2,62;30,31;0,25;0,25
121;1,0488;0,1031;1,2551;26,64;2,62;31,88;0,25;0,25
122;1,1118;0,1031;1,3181;28,24;2,62;33,48;0,25;0,25
123;1,174;0,1031;1,3803;29,82;2,62;35,06;0,3;0,3
124;1,237;0,1031;1,4433;31,42;2,62;36,66;0,3;0,3
125;1,2988;0,1031;1,5051;32,99;2,62;38,23;0,3;0,3
126;1,3618;0,1031;1,5681;34,59;2,62;39,83;0,3;0,3
127;1,424;0,1031;1,6303;36,17;2,62;41,41;0,3;0,3
128;1,487;0,1031;1,6933;37,77;2,62;43,01;0,3;0,3
129;1,5488;0,1031;1,7551;39,34;2,62;44,58;0,38;0,38
130;1,6118;0,1031;1,8181;40,94;2,62;46,18;0,38;0,38
131;1,674;0,1031;1,8803;42,52;2,62;47,76;0,38;0,38
132;1,737;0,1031;1,9433;44,12;2,62;49,36;0,38;0,38
133;1,7988;0,1031;2,0051;45,69;2,62;50,93;0,38;0,38
134;1,8618;0,1031;2,0681;47,29;2,62;52,53;0,38;0,38
135;1,9252;0,1031;2,1315;48,9;2,62;54,14;0,43;0,43
136;1,987;0,1031;2,1933;50,47;2,62;55,71;0,43;0,43
137;2,05;0,1031;2,2563;52,07;2,62;57,31;0,43;0,43
138;2,1118;0,1031;2,3181;53,64;2,62;58,88;0,43;0,43
139;2,1752;0,1031;2,3815;55,25;2,62;60,49;0,43;0,43
140;2,237;0,1031;2,4433;56,82;2,62;62,06;0,43;0,43
141;2,3;0,1031;2,5063;58,42;2,62;63,66;0,51;0,51
142;2,3618;0,1031;2,5681;59,99;2,62;65,23;0,51;0,51
143;2,4252;0,1031;2,6315;61,6;2,62;66,84;0,51;0,51
144;2,487;0,1031;2,6933;63,17;2,62;68,41;0,51;0,51
145;2,55;0,1031;2,7563;64,77;2,62;70,01;0,51;0,51
146;2,6118;0,1031;2,8181;66,34;2,62;71,58;0,51;0,51
147;2,6752;0,1031;2,8815;67,95;2,62;73,19;0,56;0,56
148;2,737;0,1031;2,9433;69,52;2,62;74,76;0,56;0,56
149;2,8;0,1031;3,0063;71,12;2,62;76,36;0,56;0,56
150;2,8618;0,1031;3,0681;72,69;2,62;77,93;0,56;0,56
151;2,987;0,1031;3,1933;75,87;2,62;81,11;0,61;0,61
152;3,237;0,1031;3,4433;82,22;2,62;87,46;0,61;0,61
153;3,487;0,1031;3,6933;88,57;2,62;93,81;0,61;0,61
154;3,737;0,1031;3,9433;94,92;2,62;100,16;0,71;0,71
155;3,987;0,1031;4,1933;101,27;2,62;106,51;0,71;0,71
156;4,237;0,1031;4,4433;107,62;2,62;112,86;0,76;0,76
157;4,487;0,1031;4,6933;113,97;2,62;119,21;0,76;0,76
158;4,737;0,1031;4,9433;120,32;2,62;125,56;0,76;0,76
159;4,987;0,1031;5,1933;126,67;2,62;131,91;0,89;0,89
160;5,237;0,1031;5,4433;133,02;2,62;138,26;0,89;0,89
161;5,487;0,1031;5,6933;139,37;2,62;144,61;0,89;0,89
162;5,737;0,1031;5,9433;145,72;2,62;150,96;0,89;0,89
163;5,987;0,1031;6,1933;152,07;2,62;157,31;0,89;0,89
164;6,237;0,1031;6,4433;158,42;2,62;163,66;1,02;1,02
165;6,487;0,1031;6,6933;164,77;2,62;170,01;1,02;1,02
166;6,737;0,1031;6,9433;171,12;2,62;176,36;1,02;1,02
167;6,987;0,1031;7,1933;177,47;2,62;182,71;1,02;1,02
168;7,237;0,1031;7,4433;183,82;2,62;189,06;1,14;1,14
169;7,487;0,1031;7,6933;190,17;2,62;195,41;1,14;1,14
170;7,737;0,1031;7,9433;196,52;2,62;201,76;1,14;1,14
171;7,987;0,1031;8,1933;202,87;2,62;208,11;1,14;1,14
172;8,237;0,1031;8,4433;209,22;2,62;214,46;1,27;1,27
173;8,487;0,1031;8,6933;215,57;2,62;220,81;1,27;1,27
174;8,737;0,1031;8,9433;221,92;2,62;227,16;1,27;1,27
175;8,987;0,1031;9,1933;228,27;2,62;233,51;1,27;1,27
176;9,237;0,1031;9,4433;234,62;2,62;239,86;1,4;1,4
177;9,487;0,1031;9,6933;240,97;2,62;246,21;1,4;1,4
178;9,737;0,1031;9,9433;247,32;2,62;252,56;1,4;1,4
201;0,1709;0,139;0,4488;4,34;3,53;11,4;0,13;0,13
202;0,2339;0,139;0,5118;5,94;3,53;13;0,13;0,13
203;0,2961;0,139;0,574;7,52;3,53;14,58;0,13;0,13
204;0,3591;0,139;0,637;9,12;3,53;16,18;0,13;0,13
205;0,4209;0,139;0,6988;10,69;3,53;17,75;0,13;0,13
206;0,4839;0,139;0,7618;12,29;3,53;19,35;0,13;0,13
207;0,5461;0,139;0,824;13,87;3,53;20,93;0,18;0,18
208;0,6091;0,139;0,887;15,47;3,53;22,53;0,23;0,23
209;0,6709;0,139;0,9488;17,04;3,53;24,1;0,23;0,23
210;0,7339;0,139;1,0118;18,64;3,53;25,7;0,25;0,25
211;0,7961;0,139;1,074;20,22;3,53;27,28;0,25;0,25
212;0,8591;0,139;1,137;21,82;3,53;28,88;0,25;0,25
213;0,9209;0,139;1,1988;23,39;3,53;30,45;0,25;0,25
214;0,9839;0,139;1,2618;24,99;3,53;32,05;0,25;0,25
215;1,0461;0,139;1,324;26,57;3,53;33,63;0,25;0,25
216;1,1091;0,139;1,387;28,17;3,53;35,23;0,3;0,3
217;1,1709;0,139;1,4488;29,74;3,53;36,8;0,3;0,3
218;1,2339;0,139;1,5118;31,34;3,53;38,4;0,3;0,3
219;1,2961;0,139;1,574;32,92;3,53;39,98;0,3;0,3
220;1,3591;0,139;1,637;34,52;3,53;41,58;0,3;0,3
221;1,4209;0,139;1,6988;36,09;3,53;43,15;0,3;0,3
222;1,4839;0,139;1,7618;37,69;3,53;44,75;0,38;0,38
223;1,6091;0,139;1,887;40,87;3,53;47,93;0,38;0,38
224;1,7339;0,139;2,0118;44,04;3,53;51,1;0,38;0,38
225;1,8591;0,139;2,137;47,22;3,53;54,28;0,46;0,46
226;1,9839;0,139;2,2618;50,39;3,53;57,45;0,46;0,46
227;2,1091;0,139;2,387;53,57;3,53;60,63;0,46;0,46
228;2,2339;0,139;2,5118;56,74;3,53;63,8;0,51;0,51
229;2,3591;0,139;2,637;59,92;3,53;66,98;0,51;0,51
230;2,4839;0,139;2,7618;63,09;3,53;70,15;0,51;0,51
231;2,6091;0,139;2,887;66,27;3,53;73,33;0,51;0,51
232;2,7339;0,139;3,0118;69,44;3,53;76,5;0,61;0,61
233;2,8591;0,139;3,137;72,62;3,53;79,68;0,61;0,61
234;2,9839;0,139;3,2618;75,79;3,53;82,85;0,61;0,61
235;3,1091;0,139;3,387;78,97;3,53;86,03;0,61;0,61
236;3,2339;0,139;3,5118;82,14;3,53;89,2;0,61;0,61
237;3,3591;0,139;3,637;85,32;3,53;92,38;0,61;0,61
238;3,4839;0,139;3,7618;88,49;3,53;95,55;0,61;0,61
239;3,6091;0,139;3,887;91,67;3,53;98,73;0,71;0,71
240;3,7339;0,139;4,0118;94,84;3,53;101,9;0,71;0,71
241;3,8591;0,139;4,137;98,02;3,53;105,08;0,71;0,71
242;3,9839;0,139;4,2618;101,19;3,53;108,25;0,71;0,71
243;4,1091;0,139;4,387;104,37;3,53;111,43;0,71;0,71
244;4,2339;0,139;4,5118;107,54;3,53;114,6;0,76;0,76
245;4,3591;0,139;4,637;110,72;3,53;117,78;0,76;0,76
246;4,4839;0,139;4,7618;113,89;3,53;120,95;0,76;0,76
247;4,6091;0,139;4,887;117,07;3,53;124,13;0,76;0,76
248;4,7339;0,139;5,0118;120,24;3,53;127,3;0,76;0,76
249;4,8591;0,139;5,137;123,42;3,53;130,48;0,89;0,89
250;4,9839;0,139;5,2618;126,59;3,53;133,65;0,89;0,89
251;5,1091;0,139;5,387;129,77;3,53;136,83;0,89;0,89
252;5,2339;0,139;5,5118;132,94;3,53;140;0,89;0,89
253;5,3591;0,139;5,637;136,12;3,53;143,18;0,89;0,89
254;5,4839;0,139;5,7618;139,29;3,53;146,35;0,89;0,89
255;5,6091;0,139;5,887;142,47;3,53;149,53;0,89;0,89
256;5,7339;0,139;6,0118;145,64;3,53;152,7;0,89;0,89
257;5,8591;0,139;6,137;148,82;3,53;155,88;0,89;0,89
258;5,9839;0,139;6,2618;151,99;3,53;159,05;0,89;0,89
259;6,2339;0,139;6,5118;158,34;3,53;165,4;1,02;1,02
260;6,4839;0,139;6,7618;164,69;3,53;171,75;1,02;1,02
261;6,7339;0,139;7,0118;171,04;3,53;178,1;1,02;1,02
262;6,9839;0,139;7,2618;177,39;3,53;184,45;1,02;1,02
263;7,2339;0,139;7,5118;183,74;3,53;190,8;1,14;1,14
264;7,4839;0,139;7,7618;190,09;3,53;197,15;1,14;1,14
265;7,7339;0,139;8,0118;196,44;3,53;203,5;1,14;1,14
266;7,9839;0,139;8,2618;202,79;3,53;209,85;1,14;1,14
267;8,2339;0,139;8,5118;209,14;3,53;216,2;1,27;1,27
268;8,4839;0,139;8,7618;215,49;3,53;222,55;1,27;1,27
269;8,7339;0,139;9,0118;221,84;3,53;228,9;1,27;1,27
270;8,9839;0,139;9,2618;228,19;3,53;235,25;1,27;1,27
271;9,2339;0,139;9,5118;234,54;3,53;241,6;1,4;1,4
272;9,4839;0,139;9,7618;240,89;3,53;247,95;1,4;1,4
273;9,7339;0,139;10,0118;247,24;3,53;254,3;1,4;1,4
274;9,9839;0,139;10,2618;253,59;3,53;260,65;1,4;1,4
275;10,4839;0,139;10,7618;266,29;3,53;273,35;1,4;1,4
276;10,9839;0,139;11,2618;278,99;3,53;286,05;1,65;1,65
277;11,4839;0,139;11,7618;291,69;3,53;298,75;1,65;1,65
278;11,9839;0,139;12,2618;304,39;3,53;311,45;1,65;1,65
279;12,9839;0,139;13,2618;329,79;3,53;336,85;1,65;1,65
280;13,9839;0,139;14,2618;355,19;3,53;362,25;1,65;1,65
281;14,9839;0,139;15,2618;380,59;3,53;387,65;1,65;1,65
282;15,9551;0,139;16,2331;405,26;3,53;412,32;1,91;1,91
283;16,9551;0,139;17,2331;430,66;3,53;437,72;2,03;2,03
309;0,4118;0,2098;0,8315;10,46;5,33;21,12;0,13;0,13
310;0,4752;0,2098;0,8949;12,07;5,33;22,73;0,13;0,13
311;0,537;0,2098;0,9567;13,64;5,33;24,3;0,18;0,18
312;0,6;0,2098;1,0197;15,24;5,33;25,9;0,23;0,23
313;0,6618;0,2098;1,0815;16,81;5,33;27,47;0,23;0,23
314;0,7252;0,2098;1,1449;18,42;5,33;29,08;0,25;0,25
315;0,787;0,2098;1,2067;19,99;5,33;30,65;0,25;0,25
316;0,85;0,2098;1,2697;21,59;5,33;32,25;0,25;0,25
317;0,9118;0,2098;1,3315;23,16;5,33;33,82;0,25;0,25
318;0,9752;0,2098;1,3949;24,77;5,33;35,43;0,25;0,25
319;1,037;0,2098;1,4567;26,34;5,33;37;0,25;0,25
320;1,1;0,2098;1,5197;27,94;5,33;38,6;0,3;0,3
321;1,1618;0,2098;1,5815;29,51;5,33;40,17;0,3;0,3
322;1,2252;0,2098;1,6449;31,12;5,33;41,78;0,3;0,3
323;1,287;0,2098;1,7067;32,69;5,33;43,35;0,3;0,3
324;1,35;0,2098;1,7697;34,29;5,33;44,95;0,3;0,3
325;1,4752;0,2098;1,8949;37,47;5,33;48,13;0,38;0,38
326;1,6;0,2098;2,0197;40,64;5,33;51,3;0,38;0,38
327;1,7252;0,2098;2,1449;43,82;5,33;54,48;0,38;0,38
328;1,85;0,2098;2,2697;46,99;5,33;57,65;0,38;0,38
329;1,9752;0,2098;2,3949;50,17;5,33;60,83;0,46;0,46
330;2,1;0,2098;2,5197;53,34;5,33;64;0,46;0,46
331;2,2252;0,2098;2,6449;56,52;5,33;67,18;0,46;0,46
332;2,35;0,2098;2,7697;59,69;5,33;70,35;0,46;0,46
333;2,4752;0,2098;2,8949;62,87;5,33;73,53;0,51;0,51
334;2,6;0,2098;3,0197;66,04;5,33;76,7;0,51;0,51
335;2,7252;0,2098;3,1449;69,22;5,33;79,88;0,51;0,51
336;2,85;0,2098;3,2697;72,39;5,33;83,05;0,51;0,51
337;2,9752;0,2098;3,3949;75,57;5,33;86,23;0,61;0,61
338;3,1;0,2098;3,5197;78,74;5,33;89,4;0,61;0,61
339;3,2252;0,2098;3,6449;81,92;5,33;92,58;0,61;0,61
340;3,35;0,2098;3,7697;85,09;5,33;95,75;0,61;0,61
341;3,4752;0,2098;3,8949;88,27;5,33;98,93;0,61;0,61
342;3,6;0,2098;4,0197;91,44;5,33;102,1;0,71;0,71
343;3,7252;0,2098;4,1449;94,62;5,33;105,28;0,71;0,71
344;3,85;0,2098;4,2697;97,79;5,33;108,45;0,71;0,71
345;3,9752;0,2098;4,3949;100,97;5,33;111,63;0,71;0,71
346;4,1;0,2098;4,5197;104,14;5,33;114,8;0,71;0,71
347;4,2252;0,2098;4,6449;107,32;5,33;117,98;0,76;0,76
348;4,35;0,2098;4,7697;110,49;5,33;121,15;0,76;0,76
349;4,4752;0,2098;4,8949;113,67;5,33;124,33;0,76;0,76
350;4,6;0,2098;5,0197;116,84;5,33;127,5;0,76;0,76
351;4,7252;0,2098;5,1449;120,02;5,33;130,68;0,76;0,76
352;4,85;0,2098;5,2697;123,19;5,33;133,85;0,76;0,76
353;4,9752;0,2098;5,3949;126,37;5,33;137,03;0,94;0,94
354;5,1;0,2098;5,5197;129,54;5,33;140,2;0,94;0,94
355;5,2252;0,2098;5,6449;132,72;5,33;143,38;0,94;0,94
356;5,35;0,2098;5,7697;135,89;5,33;146,55;0,94;0,94
357;5,4752;0,2098;5,8949;139,07;5,33;149,73;0,94;0,94
358;5,6;0,2098;6,0197;142,24;5,33;152,9;0,94;0,94
359;5,7252;0,2098;6,1449;145,42;5,33;156,08;0,94;0,94
360;5,85;0,2098;6,2697;148,59;5,33;159,25;0,94;0,94
361;5,9752;0,2098;6,3949;151,77;5,33;162,43;0,94;0,94
362;6,2252;0,2098;6,6449;158,12;5,33;168,78;;
363;6,4752;0,2098;6,8949;164,47;5,33;175,13;;
364;6,7252;0,2098;7,1449;170,82;5,33;181,48;;
365;6,9752;0,2098;7,3949;177,17;5,33;187,83;;
366;7,2252;0,2098;7,6449;183,52;5,33;194,18;;
367;7,4752;0,2098;7,8949;189,87;5,33;200,53;;
368;7,7252;0,2098;8,1449;196,22;5,33;206,88;;
369;7,9752;0,2098;8,3949;202,57;5,33;213,23;;
370;8,2252;0,2098;8,6449;208,92;5,33;219,58;;
371;8,4752;0,2098;8,8949;215,27;5,33;225,93;;
372;8,7252;0,2098;9,1449;221,62;5,33;232,28;;
373;8,9752;0,2098;9,3949;227,97;5,33;238,63;;
425;4,4752;0,2752;5,0256;113,67;6,99;127,65;0,84;0,84
426;4,6;0,2752;5,1504;116,84;6,99;130,82;0,84;0,84
427;4,7252;0,2752;5,2756;120,02;6,99;134;0,84;0,84
428;4,85;0,2752;5,4004;123,19;6,99;137,17;0,84;0,84
429;4,9752;0,2752;5,5256;126,37;6,99;140,35;0,94;0,94
430;5,1;0,2752;5,6504;129,54;6,99;143,52;0,94;0,94
431;5,2252;0,2752;5,7756;132,72;6,99;146,7;0,94;0,94
432;5,35;0,2752;5,9004;135,89;6,99;149,87;0,94;0,94
433;5,4752;0,2752;6,0256;139,07;6,99;153,05;0,94;0,94
434;5,6;0,2752;6,1504;142,24;6,99;156,22;0,94;0,94
435;5,7252;0,2752;6,2756;145,42;6,99;159,4;0,94;0,94
436;5,85;0,2752;6,4004;148,59;6,99;162,57;0,94;0,94
437;5,9752;0,2752;6,5256;151,77;6,99;165,75;0,94;0,94
438;6,2252;0,2752;6,7756;158,12;6,99;172,1;1,02;1,02
439;6,4752;0,2752;7,0256;164,47;6,99;178,45;1,02;1,02
440;6,7252;0,2752;7,2756;170,82;6,99;184,8;1,02;1,02
441;6,9752;0,2752;7,5256;177,17;6,99;191,15;1,02;1,02
442;7,2252;0,2752;7,7756;183,52;6,99;197,5;1,14;1,14
443;7,4752;0,2752;8,0256;189,87;6,99;203,85;1,14;1,14
444;7,7252;0,2752;8,2756;196,22;6,99;210,2;1,14;1,14
445;7,9752;0,2752;8,5256;202,57;6,99;216,55;1,14;1,14
446;8,3689;0,2752;8,9193;212,57;6,99;226,55;1,4;1,4
447;8,9752;0,2752;9,5256;227,97;6,99;241,95;1,4;1,4
448;9,4752;0,2752;10,0256;240,67;6,99;254,65;1,4;1,4
449;9,9752;0,2752;10,5256;253,37;6,99;267,35;1,4;1,4
450;10,4752;0,2752;11,0256;266,07;6,99;280,05;1,52;1,52
451;10,9752;0,2752;11,5256;278,77;6,99;292,75;1,52;1,52
452;11,4752;0,2752;12,0256;291,47;6,99;305,45;1,52;1,52
453;11,9752;0,2752;12,5256;304,17;6,99;318,15;1,52;1,52
454;12,4752;0,2752;13,0256;316,87;6,99;330,85;1,52;1,52
455;12,9752;0,2752;13,5256;329,57;6,99;343,55;1,52;1,52
456;13,4752;0,2752;14,0256;342,27;6,99;356,25;1,78;1,78
457;13,9752;0,2752;14,5256;354,97;6,99;368,95;1,78;1,78
458;14,4752;0,2752;15,0256;367,67;6,99;381,65;1,78;1,78
459;14,9752;0,2752;15,5256;380,37;6,99;394,35;1,78;1,78
460;15,4752;0,2752;16,0256;393,07;6,99;407,05;1,78;1,78
461;15,9551;0,2752;16,5055;405,26;6,99;419,24;1,91;1,91
462;16,4551;0,2752;17,0055;417,96;6,99;431,94;1,91;1,91
463;16,9551;0,2752;17,5055;430,66;6,99;444,64;2,03;2,03
464;17,4551;0,2752;18,0055;443,36;6,99;457,34;2,16;2,16
465;17,9551;0,2752;18,5055;456,06;6,99;470,04;2,16;2,16
466;18,4551;0,2752;19,0055;468,76;6,99;482,74;2,16;2,16
467;18,9551;0,2752;19,5055;481,46;6,99;495,44;2,29;2,29
468;19,4551;0,2752;20,0055;494,16;6,99;508,14;2,29;2,29
469;19,9551;0,2752;20,5055;506,86;6,99;520,84;2,41;2,41
470;20,9551;0,2752;21,5055;532,26;6,99;546,24;2,41;2,41
471;21,9551;0,2752;22,5055;557,66;6,99;571,64;2,54;2,54
472;22,9402;0,2752;23,4906;582,68;6,99;596,66;2,67;2,67
473;23,9402;0,2752;24,4906;608,08;6,99;622,06;2,79;2,79
474;24,9402;0,2752;25,4906;633,48;6,99;647,46;2,92;2,92
475;25,9402;0,2752;26,4906;658,88;6,99;672,86;3,05;3,05
